Fresh F,Fresh M,Soph F,Soph M,Junior F,Junior M,Senior F,Senior M,5th M,5th F,FRESHF,FRESHM,SOPHF,SOPHM,JUNF,JUNM,SENF,SENM,FIFTHF,FIFTHM
40,378,50,377,48,329,42,276,,,7394,46544,8902,51342,10806,61412,14660,84726,1375,8289
29,299,37,322,45,350,52,366,,,,,,,,,,,,
25,225,19,242,31,270,43,381,,,,,,,,,,,,
,,,,,,,,,,,,,,,,,,,
,,,,,,,,,,,,,,,,,,,
,,,,,,,,,,,,,,,,,,,
,,,,,,,,,,,,,,,,,,,
18,128,32,137,51,235,83,403,,,,,,,,,,,,
,,,,,,,,,,,,,,,,,,,
,,,,,,,,,,,,,,,,,,,
,,,,,,,,,,,,,,,,,,,
,,,,,,,,,,,,,,,,,,,
,,,,,,,,,,,,,,,,,,,
0,5,6,21,12,18,11,22,,,,,,,,,,,,
2,9,7,25,5,42,17,81,,,,,,,,,,,,
6,20,10,47,10,70,28,119,,,,,,,,,,,,
0,0,3,50,17,102,17,166,,,,,,,,,,,,
0,4,18,163,30,230,36,255,,,,,,,,,,,,
,,,,,,,,,,,,,,,,,,,
,,,,,,,,,,,,,,,,,,,
,,,,,,,,,,,,,,,,,,,
,,,,,,,,,,,,,,,,,,,
,,,,,,,,,,,,,,,,,,,
,,,,,,,,,,,,,,,,,,,
,,,,,,,,,,,,,,,,,,,
,,,,,,,,,,,,,,,,,,,
,,,,,,,,,,,,,,,,,,,
,,,,,,,,,,,,,,,,,,,
,,,,,,,,,,,,,,,,,,,
,,,,,,,,,,,,,,,,,,,
,,,,,,,,,,,,,,,,,,,
,,,,,,,,,,,,,,,,,,,
,,,,,,,,,,,,,,,,,,,
,,,,,,,,,,,,,,,,,,,
,,,,,,,,,,,,,,,,,,,
,,,,,,,,,,,,,,,,,,,
,,,,,,,,,,,,,,,,,,,
,,,,,,,,,,,,,,,,,,,
,,,,,,,,,,,,,,,,,,,
,,,,,,,,,,,,,,,,,,,
,,,,,,,,,,,,,,,,,,,
,,,,,,,,,,,,,,,,,,,
,,,,,,,,,,,,,,,,,,,
,,,,,,,,,,,,,,,,,,,
,,,,,,,,,,,,,,,,,,,
,,,,,,,,,,,,,,,,,,,
,,,,,,,,,,,,,,,,,,,
,,,,,,,,,,,,,,,,,,,
,,,,,,,,,,,,,,,,,,,
,,,,,,,,,,,,,,,,,,,
,,,,,,,,,,,,,,,,,,,
,,,,,,,,,,,,,,,,,,,
,,,,,,,,,,,,,,,,,,,
,,,,,,,,,,,,,,,,,,,
,,,,,,,,,,,,,,,,,,,
,,,,,,,,,,,,,,,,,,,
22,201,15,188,26,243,33,338,,,,,,,,,,,,
,,,,,,,,,,,,,,,,,,,
,,,,,,,,,,,,,,,,,,,
,,,,,,,,,,,,,,,,,,,
,,,,,,,,,,,,,,,,,,,
,,,,,,,,,,,,,,,,,,,
,,,,,,,,,,,,,,,,,,,
,,,,,,,,,,,,,,,,,,,
,,,,,,,,,,,,,,,,,,,
,,,,,,,,,,,,,,,,,,,
,,,,,,,,,,,,,,,,,,,
,,,,,,,,,,,,,,,,,,,
,,,,,,,,,,,,,,,,,,,
,,,,,,,,,,,,,,,,,,,
,,,,,,,,,,,,,,,,,,,
,,,,,,,,,,,,,,,,,,,
,,,,,,,,,,,,,,,,,,,
,,,,,,,,,,,,,,,,,,,
,,,,,,,,,,,,,,,,,,,
,,,,,,,,,,,,,,,,,,,
,,,,,,,,,,,,,,,,,,,
,,,,,,,,,,,,,,,,,,,
,,,,,,,,,,,,,,,,,,,
,,,,,,,,,,,,,,,,,,,
,,,,,,,,,,,,,,,,,,,
,,,,,,,,,,,,,,,,,,,
,,,,,,,,,,,,,,,,,,,
,,,,,,,,,,,,,,,,,,,
,,,,,,,,,,,,,,,,,,,
,,,,,,,,,,,,,,,,,,,
,,,,,,,,,,,,,,,,,,,
4,21,3,13,2,13,3,13,,,,,,,,,,,,
,,1,3,0,1,2,1,,,,,,,,,,,,
,,,,,,,,,,,,,,,,,,,
,,,,,,,,,,,,,,,,,,,
,,,,,,,,,,,,,,,,,,,
,,,,,,,,,,,,,,,,,,,
,,,,,,,,,,,,,,,,,,,
,,,,,,,,,,,,,,,,,,,
,,,,,,,,,,,,,,,,,,,
,,,,,,,,,,,,,,,,,,,
,,,,,,,,,,,,,,,,,,,
31,63,26,53,17,17,14,24,,,,,,,,,,,,
,,,,,,,,,,,,,,,,,,,
,,,,,,,,,,,,,,,,,,,
,,,,,,,,,,,,,,,,,,,
,,,,,,,,,,,,,,,,,,,
,,,,,,,,,,,,,,,,,,,
,,,,,,,,,,,,,,,,,,,
,,,,,,,,,,,,,,,,,,,
,,,,,,,,,,,,,,,,,,,
,,,,,,,,,,,,,,,,,,,
,,,,,,,,,,,,,,,,,,,
,,,,,,,,,,,,,,,,,,,
,,,,,,,,,,,,,,,,,,,
,,,,,,,,,,,,,,,,,,,
,,,,,,,,,,,,,,,,,,,
,,,,,,,,,,,,,,,,,,,
,,,,,,,,,,,,,,,,,,,
,,,,,,,,,,,,,,,,,,,
,,,,,,,,,,,,,,,,,,,
,,,,,,,,,,,,,,,,,,,
,,,,,,,,,,,,,,,,,,,
,,,,,,,,,,,,,,,,,,,
,,,,,,,,,,,,,,,,,,,
,,,,,,,,,,,,,,,,,,,
,,,,,,,,,,,,,,,,,,,
,,,,,,,,,,,,,,,,,,,
,,,,,,,,,,,,,,,,,,,
,,,,,,,,,,,,,,,,,,,
,,,,,,,,,,,,,,,,,,,
,,,,,,,,,,,,,,,,,,,
,,,,,,,,,,,,,,,,,,,
,,,,,,,,,,,,,,,,,,,
,,,,,,,,,,,,,,,,,,,
,,,,,,,,,,,,,,,,,,,
,,,,,,,,,,,,,,,,,,,
,,,,,,,,,,,,,,,,,,,
,,,,,,,,,,,,,,,,,,,
,,,,,,,,,,,,,,,,,,,
,,,,,,,,,,,,,,,,,,,
,,,,,,,,,,,,,,,,,,,
,,,,,,,,,,,,,,,,,,,
,,,,,,,,,,,,,,,,,,,
,,,7,6,28,4,19,,,,,,,,,,,,
,,0,9,3,11,3,24,,,,,,,,,,,,
,,1,3,2,9,5,23,,,,,,,,,,,,
,,4,8,10,51,21,70,,,,,,,,,,,,
,,,,,,,,,,,,,,,,,,,
,,,,,,,,,,,,,,,,,,,
,,,,,,,,,,,,,,,,,,,
,,,,,,,,,,,,,,,,,,,
,,,,,,,,,,,,,,,,,,,
,,,,,,,,,,,,,,,,,,,
,,,,,,,,,,,,,,,,,,,
,,,,,,,,,,,,,,,,,,,
,,,,,,,,,,,,,,,,,,,
,,,,,,,,,,,,,,,,,,,
,,,,,,,,,,,,,,,,,,,
,,,,,,,,,,,,,,,,,,,
,,,,,,,,,,,,,,,,,,,
15,131,14,106,33,179,73,402,,,,,,,,,,,,
,,,,,,,,,,,,,,,,,,,
,,,,,,,,,,,,,,,,,,,
,,,,,,,,,,,,,,,,,,,
,,,,,,,,,,,,,,,,,,,
,,,,,,,,,,,,,,,,,,,
,,,,,,,,,,,,,,,,,,,
,,,,,,,,,,,,,,,,,,,
,,,,,,,,,,,,,,,,,,,
,,,,,,,,,,,,,,,,,,,
,,,,,,,,,,,,,,,,,,,
,,,,,,,,,,,,,,,,,,,
,,,,,,,,,,,,,,,,,,,
,,,,,,,,,,,,,,,,,,,
8,111,4,95,12,97,18,119,0,2,,,,,,,,,,
,,,,,,,,,,,,,,,,,,,
,,,,,,,,,,,,,,,,,,,
,,,,,,,,,,,,,,,,,,,
,,,,,,,,,,,,,,,,,,,
,,,,,,,,,,,,,,,,,,,
,,,,,,,,,,,,,,,,,,,
,,,,,,,,,,,,,,,,,,,
,,,,,,,,,,,,,,,,,,,
,,,,,,,,,,,,,,,,,,,
,,,,,,,,,,,,,,,,,,,
,,,,,,,,,,,,,,,,,,,
,,,,,,,,,,,,,,,,,,,
,,,,,,,,,,,,,,,,,,,
,,,,,,,,,,,,,,,,,,,
,,,,,,,,,,,,,,,,,,,
,,,,,,,,,,,,,,,,,,,
0,9,7,17,11,21,13,33,,,,,,,,,,,,
0,2,2,18,9,28,12,82,,,,,,,,,,,,
2,16,11,45,8,62,28,121,,,,,,,,,,,,
,,,,,,,,,,,,,,,,,,,
3,45,3,61,3,84,18,128,,,,,,,,,,,,
0,2,8,44,7,49,6,53,2,6,,,,,,,,,,
,,,,,,,,,,,,,,,,,,,
,,,,,,,,,,,,,,,,,,,
,,,,,,,,,,,,,,,,,,,
,,,,,,,,,,,,,,,,,,,
,,,,,,,,,,,,,,,,,,,
,,,,,,,,,,,,,,,,,,,
0,0,4,45,9,91,19,154,,,,,,,,,,,,
0,1,17,160,27,223,46,313,,,,,,,,,,,,
,,,,,,,,,,,,,,,,,,,
,,,,,,,,,,,,,,,,,,,
,,,,,,,,,,,,,,,,,,,
,,,,,,,,,,,,,,,,,,,
,,,,,,,,,,,,,,,,,,,
,,,,,,,,,,,,,,,,,,,
,,,,,,,,,,,,,,,,,,,
,,,,,,,,,,,,,,,,,,,
,,,,,,,,,,,,,,,,,,,
,,,,,,,,,,,,,,,,,,,
,,,,,,,,,,,,,,,,,,,
,,,,,,,,,,,,,,,,,,,
,,,,,,,,,,,,,,,,,,,
,,,,,,,,,,,,,,,,,,,
,,,,,,,,,,,,,,,,,,,
,,,,,,,,,,,,,,,,,,,
,,,,,,,,,,,,,,,,,,,
,,,,,,,,,,,,,,,,,,,
,,,,,,,,,,,,,,,,,,,
,,,,,,,,,,,,,,,,,,,
,,,,,,,,,,,,,,,,,,,
,,,,,,,,,,,,,,,,,,,
,,,,,,,,,,,,,,,,,,,
,,,,,,,,,,,,,,,,,,,
,,,,,,,,,,,,,,,,,,,
,,,,,,,,,,,,,,,,,,,
,,,,,,,,,,,,,,,,,,,
,,,,,,,,,,,,,,,,,,,
,,,,,,,,,,,,,,,,,,,
6,104,10,91,3,95,13,96,9,73,,,,,,,,,,
,,,,,,,,,,,,,,,,,,,
,,,,,,,,,,,,,,,,,,,
,,,,,,,,,,,,,,,,,,,
,,,,,,,,,,,,,,,,,,,
,,,,,,,,,,,,,,,,,,,
,,,,,,,,,,,,,,,,,,,
,,,,,,,,,,,,,,,,,,,
,,,,,,,,,,,,,,,,,,,
,,,,,,,,,,,,,,,,,,,
,,,,,,,,,,,,,,,,,,,
,,,,,,,,,,,,,,,,,,,
,,,,,,,,,,,,,,,,,,,
,,,,,,,,,,,,,,,,,,,
,,,,,,,,,,,,,,,,,,,
,,,,,,,,,,,,,,,,,,,
,,,,,,,,,,,,,,,,,,,
,,,,,,,,,,,,,,,,,,,
,,,,,,,,,,,,,,,,,,,
,,,,,,,,,,,,,,,,,,,
,,,,,,,,,,,,,,,,,,,
,,,,,,,,,,,,,,,,,,,
,,,,,,,,,,,,,,,,,,,
,,,,,,,,,,,,,,,,,,,
,,,,,,,,,,,,,,,,,,,
,,,,,,,,,,,,,,,,,,,
24,169,25,165,15,190,35,296,,,,,,,,,,,,
,,,,,,,,,,,,,,,,,,,
,,,,,,,,,,,,,,,,,,,
,,,,,,,,,,,,,,,,,,,
,,,,,,,,,,,,,,,,,,,
,,,,,,,,,,,,,,,,,,,
,,,,,,,,,,,,,,,,,,,
,,,,,,,,,,,,,,,,,,,
,,,,,,,,,,,,,,,,,,,
,,,,,,,,,,,,,,,,,,,
,,,,,,,,,,,,,,,,,,,
,,,,,,,,,,,,,,,,,,,
,,,,,,,,,,,,,,,,,,,
,,,,,,,,,,,,,,,,,,,
,2,4,55,16,65,16,117,,,,,,,,,,,,
,,,,,,,,,,,,,,,,,,,
,,,,,,,,,,,,,,,,,,,
,,,,,,,,,,,,,,,,,,,
,,,,,,,,,,,,,,,,,,,
,,,,,,,,,,,,,,,,,,,
,,,,,,,,,,,,,,,,,,,
,,,,,,,,,,,,,,,,,,,
,,,,,,,,,,,,,,,,,,,
,,,,,,,,,,,,,,,,,,,
,,,,,,,,,,,,,,,,,,,
,,,,,,,,,,,,,,,,,,,
,,,,,,,,,,,,,,,,,,,
,,,,,,,,,,,,,,,,,,,
,,,,,,,,,,,,,,,,,,,
,,,,,,,,,,,,,,,,,,,
,,,,,,,,,,,,,,,,,,,
,,,,,,,,,,,,,,,,,,,
4,18,0,9,4,16,0,14,,,,,,,,,,,,
,,,,,,,,,,,,,,,,,,,
0,2,0,1,1,1,1,3,,,,,,,,,,,,
,,,,,,,,,,,,,,,,,,,
,,,,,,,,,,,,,,,,,,,
,,,,,,,,,,,,,,,,,,,
,,,,,,,,,,,,,,,,,,,
,,,,,,,,,,,,,,,,,,,
,,,,,,,,,,,,,,,,,,,
,,,,,,,,,,,,,,,,,,,
20,50,14,28,15,24,17,18,,,,,,,,,,,,
,,,,,,,,,,,,,,,,,,,
,,,,,,,,,,,,,,,,,,,
,,,,,,,,,,,,,,,,,,,
,,,,,,,,,,,,,,,,,,,
,,,,,,,,,,,,,,,,,,,
,,,,,,,,,,,,,,,,,,,
,,,,,,,,,,,,,,,,,,,
,,,,,,,,,,,,,,,,,,,
,,,,,,,,,,,,,,,,,,,
,,,,,,,,,,,,,,,,,,,
,,,,,,,,,,,,,,,,,,,
,,,,,,,,,,,,,,,,,,,
,,,,,,,,,,,,,,,,,,,
,,,,,,,,,,,,,,,,,,,
,,,,,,,,,,,,,,,,,,,
,,,,,,,,,,,,,,,,,,,
,,,,,,,,,,,,,,,,,,,
,,,,,,,,,,,,,,,,,,,
,,,,,,,,,,,,,,,,,,,
,,,,,,,,,,,,,,,,,,,
,,,,,,,,,,,,,,,,,,,
,,,,,,,,,,,,,,,,,,,
,,,,,,,,,,,,,,,,,,,
,,,,,,,,,,,,,,,,,,,
,,,,,,,,,,,,,,,,,,,
,,,,,,,,,,,,,,,,,,,
,,,,,,,,,,,,,,,,,,,
,,,,,,,,,,,,,,,,,,,
,,,,,,,,,,,,,,,,,,,
,,,,,,,,,,,,,,,,,,,
,,,,,,,,,,,,,,,,,,,
,,,,,,,,,,,,,,,,,,,
,,,,,,,,,,,,,,,,,,,
,,,,,,,,,,,,,,,,,,,
,,,,,,,,,,,,,,,,,,,
,,,,,,,,,,,,,,,,,,,
,,,,,,,,,,,,,,,,,,,
,,,,,,,,,,,,,,,,,,,
,,,,,,,,,,,,,,,,,,,
,,,,,,,,,,,,,,,,,,,
,,,,,,,,,,,,,,,,,,,
,,,,,,,,,,,,,,,,,,,
,,,,,,,,,,,,,,,,,,,
,,,,,,,,,,,,,,,,,,,
,,,,,,,,,,,,,,,,,,,
,,,,,,,,,,,,,,,,,,,
,,,,,,,,,,,,,,,,,,,
,,2,14,4,22,3,17,,,,,,,,,,,,
,,1,10,2,14,3,10,,,,,,,,,,,,
,,1,4,1,13,3,15,,,,,,,,,,,,
,,3,12,12,53,10,58,,,,,,,,,,,,
,,,,,,,,,,,,,,,,,,,
,,,,,,,,,,,,,,,,,,,
,,,,,,,,,,,,,,,,,,,
,,,,,,,,,,,,,,,,,,,
,,,,,,,,,,,,,,,,,,,
,,,,,,,,,,,,,,,,,,,
,,,,,,,,,,,,,,,,,,,
,,,,,,,,,,,,,,,,,,,
,,,,,,,,,,,,,,,,,,,
,,,,,,,,,,,,,,,,,,,
,,,,,,,,,,,,,,,,,,,
,,,,,,,,,,,,,,,,,,,
,,,,,,,,,,,,,,,,,,,
,,,,,,,,,,,,,,,,,,,
,,,,,,,,,,,,,,,,,,,
,,,,,,,,,,,,,,,,,,,
22,93,8,94,18,159,56,326,,,,,,,,,,,,
,,,,,,,,,,,,,,,,,,,
,,,,,,,,,,,,,,,,,,,
,,,,,,,,,,,,,,,,,,,
,,,,,,,,,,,,,,,,,,,
,,,,,,,,,,,,,,,,,,,
,,,,,,,,,,,,,,,,,,,
,,,,,,,,,,,,,,,,,,,
,,,,,,,,,,,,,,,,,,,
,,,,,,,,,,,,,,,,,,,
,,,,,,,,,,,,,,,,,,,
,,,,,,,,,,,,,,,,,,,
,,,,,,,,,,,,,,,,,,,
,,,,,,,,,,,,,,,,,,,
,,,,,,,,,,,,,,,,,,,
,,,,,,,,,,,,,,,,,,,
,,,,,,,,,,,,,,,,,,,
,,,,,,,,,,,,,,,,,,,
8,143,4,64,5,90,17,111,,,,,,,,,,,,
,,,,,,,,,,,,,,,,,,,
,,,,,,,,,,,,,,,,,,,
,,,,,,,,,,,,,,,,,,,
,,,,,,,,,,,,,,,,,,,
,,,,,,,,,,,,,,,,,,,
,,,,,,,,,,,,,,,,,,,
,,,,,,,,,,,,,,,,,,,
,,,,,,,,,,,,,,,,,,,
15,36,12,42,16,46,13,61,,,,,,,,,,,,
,,,,,,,,,,,,,,,,,,,
,,,,,,,,,,,,,,,,,,,
,,,,,,,,,,,,,,,,,,,
,,,,,,,,,,,,,,,,,,,
,,,,,,,,,,,,,,,,,,,
,,,,,,,,,,,,,,,,,,,
,,,,,,,,,,,,,,,,,,,
,,,,,,,,,,,,,,,,,,,
0,1,4,20,8,23,25,36,,,,,,,,,,,,
1,3,9,18,5,27,9,59,,,,,,,,,,,,
0,2,13,49,15,51,23,133,,,,,,,,,,,,
,,,,,,,,,,,,,,,,,,,
5,36,2,47,5,68,9,121,,,,,,,,,,,,
0,2,12,45,6,42,9,44,0,4,,,,,,,,,,
,,,,,,,,,,,,,,,,,,,
,,,,,,,,,,,,,,,,,,,
,,,,,,,,,,,,,,,,,,,
,,,,,,,,,,,,,,,,,,,
,,,,,,,,,,,,,,,,,,,
0,1,9,55,18,102,22,182,,,,,,,,,,,,
0,5,11,158,23,212,43,334,,,,,,,,,,,,
,,,,,,,,,,,,,,,,,,,
,,,,,,,,,,,,,,,,,,,
,,,,,,,,,,,,,,,,,,,
,,,,,,,,,,,,,,,,,,,
,,,,,,,,,,,,,,,,,,,
,,,,,,,,,,,,,,,,,,,
,,,,,,,,,,,,,,,,,,,
,,,,,,,,,,,,,,,,,,,
,,,,,,,,,,,,,,,,,,,
,,,,,,,,,,,,,,,,,,,
,,,,,,,,,,,,,,,,,,,
,,,,,,,,,,,,,,,,,,,
,,,,,,,,,,,,,,,,,,,
,,,,,,,,,,,,,,,,,,,
,,,,,,,,,,,,,,,,,,,
,,,,,,,,,,,,,,,,,,,
,,,,,,,,,,,,,,,,,,,
,,,,,,,,,,,,,,,,,,,
,,,,,,,,,,,,,,,,,,,
,,,,,,,,,,,,,,,,,,,
,,,,,,,,,,,,,,,,,,,
,,,,,,,,,,,,,,,,,,,
,,,,,,,,,,,,,,,,,,,
,,,,,,,,,,,,,,,,,,,
,,,,,,,,,,,,,,,,,,,
,,,,,,,,,,,,,,,,,,,
,,,,,,,,,,,,,,,,,,,
,,,,,,,,,,,,,,,,,,,
,,,,,,,,,,,,,,,,,,,
,,,,,,,,,,,,,,,,,,,
15,163,4,75,8,55,9,99,8,77,,,,,,,,,,
,,,,,,,,,,,,,,,,,,,
,,,,,,,,,,,,,,,,,,,
,,,,,,,,,,,,,,,,,,,
,,,,,,,,,,,,,,,,,,,
,,,,,,,,,,,,,,,,,,,
,,,,,,,,,,,,,,,,,,,
,,,,,,,,,,,,,,,,,,,
,,,,,,,,,,,,,,,,,,,
,,,,,,,,,,,,,,,,,,,
,,,,,,,,,,,,,,,,,,,
,,,,,,,,,,,,,,,,,,,
,,,,,,,,,,,,,,,,,,,
,,,,,,,,,,,,,,,,,,,
,,,,,,,,,,,,,,,,,,,
,,,,,,,,,,,,,,,,,,,
,,,,,,,,,,,,,,,,,,,
,,,,,,,,,,,,,,,,,,,
,,,,,,,,,,,,,,,,,,,
,,,,,,,,,,,,,,,,,,,
,,,,,,,,,,,,,,,,,,,
,,,,,,,,,,,,,,,,,,,
,,,,,,,,,,,,,,,,,,,
,,,,,,,,,,,,,,,,,,,
,,,,,,,,,,,,,,,,,,,
,,,,,,,,,,,,,,,,,,,
33,239,18,141,20,162,21,244,,,,,,,,,,,,
,,,,,,,,,,,,,,,,,,,
,,,,,,,,,,,,,,,,,,,
,,,,,,,,,,,,,,,,,,,
,,,,,,,,,,,,,,,,,,,
,,,,,,,,,,,,,,,,,,,
,,,,,,,,,,,,,,,,,,,
,,,,,,,,,,,,,,,,,,,
,,,,,,,,,,,,,,,,,,,
,,,,,,,,,,,,,,,,,,,
,,,,,,,,,,,,,,,,,,,
,,,,,,,,,,,,,,,,,,,
,,,,,,,,,,,,,,,,,,,
,,,,,,,,,,,,,,,,,,,
2,4,7,40,10,75,20,112,,,,,,,,,,,,
,,,,,,,,,,,,,,,,,,,
,,,,,,,,,,,,,,,,,,,
,,,,,,,,,,,,,,,,,,,
,,,,,,,,,,,,,,,,,,,
,,,,,,,,,,,,,,,,,,,
,,,,,,,,,,,,,,,,,,,
,,,,,,,,,,,,,,,,,,,
,,,,,,,,,,,,,,,,,,,
,,,,,,,,,,,,,,,,,,,
,,,,,,,,,,,,,,,,,,,
,,,,,,,,,,,,,,,,,,,
,,,,,,,,,,,,,,,,,,,
,,,,,,,,,,,,,,,,,,,
,,,,,,,,,,,,,,,,,,,
,,,,,,,,,,,,,,,,,,,
,,,,,,,,,,,,,,,,,,,
,,,,,,,,,,,,,,,,,,,
9,9,2,23,3,16,2,30,,,,,,,,,,,,
3,3,2,43,1,28,9,58,,,,,,,,,,,,
4,4,3,82,7,70,8,92,,,,,,,,,,,,
3,5,1,,2,1,2,0,,,,,,,,,,,,
,,,,,,,,,,,,,,,,,,,
0,13,3,8,1,15,4,11,,,,,,,,,,,,
1,,,,,,,,,,,,,,,,,,,
2,3,,3,,1,,,,,,,,,,,,,,
,,,,,,,,,,,,,,,,,,,
,,,,,,,,,,,,,,,,,,,
23,130,5,79,5,80,10,94,,,,,,,,,,,,
,,,,,,,,,,,,,,,,,,,
,,,,,,,,,,,,,,,,,,,
,,,,,,,,,,,,,,,,,,,
,,,,,,,,,,,,,,,,,,,
,,,,,,,,,,,,,,,,,,,
,,,,,,,,,,,,,,,,,,,
23,57,9,24,11,22,16,22,,,,,,,,,,,,
,,,,,,,,,,,,,,,,,,,
,,,,,,,,,,,,,,,,,,,
,,,,,,,,,,,,,,,,,,,
,,,,,,,,,,,,,,,,,,,
,,,,,,,,,,,,,,,,,,,
,,,,,,,,,,,,,,,,,,,
,,,,,,,,,,,,,,,,,,,
,,,,,,,,,,,,,,,,,,,
,,,,,,,,,,,,,,,,,,,
,,,,,,,,,,,,,,,,,,,
,,,,,,,,,,,,,,,,,,,
,,,,,,,,,,,,,,,,,,,
,,,,,,,,,,,,,,,,,,,
,,,,,,,,,,,,,,,,,,,
,,,,,,,,,,,,,,,,,,,
,,,,,,,,,,,,,,,,,,,
,,,,,,,,,,,,,,,,,,,
,,,,,,,,,,,,,,,,,,,
,,,,,,,,,,,,,,,,,,,
,,,,,,,,,,,,,,,,,,,
,,,,,,,,,,,,,,,,,,,
,,,,,,,,,,,,,,,,,,,
,,,,,,,,,,,,,,,,,,,
,,,,,,,,,,,,,,,,,,,
,,,,,,,,,,,,,,,,,,,
,,,,,,,,,,,,,,,,,,,
,,,,,,,,,,,,,,,,,,,
,,,,,,,,,,,,,,,,,,,
,,,,,,,,,,,,,,,,,,,
,,,,,,,,,,,,,,,,,,,
,,,,,,,,,,,,,,,,,,,
,,,,,,,,,,,,,,,,,,,
,,,,,,,,,,,,,,,,,,,
,,,,,,,,,,,,,,,,,,,
,,,,,,,,,,,,,,,,,,,
,,,,,,,,,,,,,,,,,,,
,,,,,,,,,,,,,,,,,,,
,,,,,,,,,,,,,,,,,,,
,,,,,,,,,,,,,,,,,,,
,,,,,,,,,,,,,,,,,,,
,,,,,,,,,,,,,,,,,,,
,,,,,,,,,,,,,,,,,,,
,,,,,,,,,,,,,,,,,,,
,,,,,,,,,,,,,,,,,,,
,,,,,,,,,,,,,,,,,,,
,,,,,,,,,,,,,,,,,,,
,,,,,,,,,,,,,,,,,,,
,,,,,,,,,,,,,,,,,,,
,,,,,,,,,,,,,,,,,,,
,,,,,,,,,,,,,,,,,,,
,,3,14,2,25,1,16,,,,,,,,,,,,
,,0,5,1,14,5,19,,,,,,,,,,,,
,,0,3,2,11,1,19,,,,,,,,,,,,
,,2,11,8,53,14,47,,,,,,,,,,,,
,,,,,,,,,,,,,,,,,,,
,,,,,,,,,,,,,,,,,,,
,,,,,,,,,,,,,,,,,,,
,,,,,,,,,,,,,,,,,,,
,,,,,,,,,,,,,,,,,,,
,,,,,,,,,,,,,,,,,,,
,,,,,,,,,,,,,,,,,,,
,,,,,,,,,,,,,,,,,,,
,,,,,,,,,,,,,,,,,,,
,,,,,,,,,,,,,,,,,,,
,,,,,,,,,,,,,,,,,,,
,,,,,,,,,,,,,,,,,,,
,,,,,,,,,,,,,,,,,,,
,,,,,,,,,,,,,,,,,,,
,,,,,,,,,,,,,,,,,,,
,,,,,,,,,,,,,,,,,,,
,,,,,,,,,,,,,,,,,,,
,,,,,,,,,,,,,,,,,,,
,,,,,,,,,,,,,,,,,,,
,,,,,,,,,,,,,,,,,,,
,,,,,,,,,,,,,,,,,,,
25,114,15,82,7,93,51,297,,,,,,,,,,,,
,,,,,,,,,,,,,,,,,,,
,,,,,,,,,,,,,,,,,,,
,,,,,,,,,,,,,,,,,,,
,,,,,,,,,,,,,,,,,,,
,,,,,,,,,,,,,,,,,,,
,,,,,,,,,,,,,,,,,,,
,,,,,,,,,,,,,,,,,,,
,,,,,,,,,,,,,,,,,,,
,,,,,,,,,,,,,,,,,,,
,,,,,,,,,,,,,,,,,,,
,,,,,,,,,,,,,,,,,,,
,,,,,,,,,,,,,,,,,,,
,,,,,,,,,,,,,,,,,,,
,,,,,,,,,,,,,,,,,,,
,,,,,,,,,,,,,,,,,,,
,,,,,,,,,,,,,,,,,,,
,,,,,,,,,,,,,,,,,,,
9,138,1,79,10,73,8,116,,,,,,,,,,,,
,,,,,,,,,,,,,,,,,,,
,,,,,,,,,,,,,,,,,,,
,,,,,,,,,,,,,,,,,,,
,,,,,,,,,,,,,,,,,,,
,,,,,,,,,,,,,,,,,,,
,,,,,,,,,,,,,,,,,,,
,,,,,,,,,,,,,,,,,,,
,,,,,,,,,,,,,,,,,,,
12,31,18,49,13,45,11,49,,,,,,,,,,,,
,,,,,,,,,,,,,,,,,,,
,,,,,,,,,,,,,,,,,,,
,,,,,,,,,,,,,,,,,,,
,,,,,,,,,,,,,,,,,,,
,,,,,,,,,,,,,,,,,,,
,,,,,,,,,,,,,,,,,,,
,,,,,,,,,,,,,,,,,,,
1,7,6,26,13,26,21,50,,,,,,,,,,,,
2,11,5,24,4,23,9,57,,,,,,,,,,,,
1,8,7,41,20,53,26,113,,,,,,,,,,,,
,,,,,,,,,,,,,,,,,,,
2,33,3,51,3,72,10,153,,,,,,,,,,,,
0,0,12,40,12,44,5,43,1,5,,,,,,,,,,
0,1,2,1,1,7,0,0,0,0,,,,,,,,,,
,,,,,,,,,,,,,,,,,,,
,,,,,,,,,,,,,,,,,,,
,,,,,,,,,,,,,,,,,,,
,,,,,,,,,,,,,,,,,,,
,,,,,,,,,,,,,,,,,,,
0,1,4,57,12,97,26,176,,,,,,,,,,,,
0,2,20,178,12,205,38,334,,,,,,,,,,,,
,,,,,,,,,,,,,,,,,,,
,,,,,,,,,,,,,,,,,,,
,,,,,,,,,,,,,,,,,,,
,,,,,,,,,,,,,,,,,,,
,,,,,,,,,,,,,,,,,,,
,,,,,,,,,,,,,,,,,,,
,,,,,,,,,,,,,,,,,,,
,,,,,,,,,,,,,,,,,,,
,,,,,,,,,,,,,,,,,,,
,,,,,,,,,,,,,,,,,,,
,,,,,,,,,,,,,,,,,,,
,,,,,,,,,,,,,,,,,,,
,,,,,,,,,,,,,,,,,,,
,,,,,,,,,,,,,,,,,,,
,,,,,,,,,,,,,,,,,,,
,,,,,,,,,,,,,,,,,,,
,,,,,,,,,,,,,,,,,,,
,,,,,,,,,,,,,,,,,,,
,,,,,,,,,,,,,,,,,,,
,,,,,,,,,,,,,,,,,,,
,,,,,,,,,,,,,,,,,,,
,,,,,,,,,,,,,,,,,,,
,,,,,,,,,,,,,,,,,,,
,,,,,,,,,,,,,,,,,,,
,,,,,,,,,,,,,,,,,,,
,,,,,,,,,,,,,,,,,,,
,,,,,,,,,,,,,,,,,,,
,,,,,,,,,,,,,,,,,,,
,,,,,,,,,,,,,,,,,,,
,,,,,,,,,,,,,,,,,,,
,,,,,,,,,,,,,,,,,,,
,,,,,,,,,,,,,,,,,,,
,,,,,,,,,,,,,,,,,,,
,,,,,,,,,,,,,,,,,,,
,,,,,,,,,,,,,,,,,,,
,,,,,,,,,,,,,,,,,,,
,,,,,,,,,,,,,,,,,,,
,,,,,,,,,,,,,,,,,,,
,,,,,,,,,,,,,,,,,,,
,,,,,,,,,,,,,,,,,,,
,,,,,,,,,,,,,,,,,,,
14,175,12,84,6,75,3,61,8,56,,,,,,,,,,
,,,,,,,,,,,,,,,,,,,
,,,,,,,,,,,,,,,,,,,
,,,,,,,,,,,,,,,,,,,
,,,,,,,,,,,,,,,,,,,
,,,,,,,,,,,,,,,,,,,
,,,,,,,,,,,,,,,,,,,
,,,,,,,,,,,,,,,,,,,
,,,,,,,,,,,,,,,,,,,
,,,,,,,,,,,,,,,,,,,
,,,,,,,,,,,,,,,,,,,
,,,,,,,,,,,,,,,,,,,
,,,,,,,,,,,,,,,,,,,
,,,,,,,,,,,,,,,,,,,
,,,,,,,,,,,,,,,,,,,
,,,,,,,,,,,,,,,,,,,
,,,,,,,,,,,,,,,,,,,
,,,,,,,,,,,,,,,,,,,
,,,,,,,,,,,,,,,,,,,
,,,,,,,,,,,,,,,,,,,
,,,,,,,,,,,,,,,,,,,
,,,,,,,,,,,,,,,,,,,
,,,,,,,,,,,,,,,,,,,
,,,,,,,,,,,,,,,,,,,
,,,,,,,,,,,,,,,,,,,
,,,,,,,,,,,,,,,,,,,
,,,,,,,,,,,,,,,,,,,
,,,,,,,,,,,,,,,,,,,
,,,,,,,,,,,,,,,,,,,
,,,,,,,,,,,,,,,,,,,
,,,,,,,,,,,,,,,,,,,
,,,,,,,,,,,,,,,,,,,
,,,,,,,,,,,,,,,,,,,
,,,,,,,,,,,,,,,,,,,
38,174,23,212,22,145,26,202,,,,,,,,,,,,
,,,,,,,,,,,,,,,,,,,
,,,,,,,,,,,,,,,,,,,
,,,,,,,,,,,,,,,,,,,
,,,,,,,,,,,,,,,,,,,
,,,,,,,,,,,,,,,,,,,
,,,,,,,,,,,,,,,,,,,
,,,,,,,,,,,,,,,,,,,
,,,,,,,,,,,,,,,,,,,
,,,,,,,,,,,,,,,,,,,
,,,,,,,,,,,,,,,,,,,
,,,,,,,,,,,,,,,,,,,
,,,,,,,,,,,,,,,,,,,
,,,,,,,,,,,,,,,,,,,
,,,,,,,,,,,,,,,,,,,
,,,,,,,,,,,,,,,,,,,
,3,15,69,23,106,14,92,,,,,,,,,,,,
,,,,,,,,,,,,,,,,,,,
,,,,,,,,,,,,,,,,,,,
,,,,,,,,,,,,,,,,,,,
,,,,,,,,,,,,,,,,,,,
,,,,,,,,,,,,,,,,,,,
,,,,,,,,,,,,,,,,,,,
,,,,,,,,,,,,,,,,,,,
,,,,,,,,,,,,,,,,,,,
,,,,,,,,,,,,,,,,,,,
,,,,,,,,,,,,,,,,,,,
,,,,,,,,,,,,,,,,,,,
,,,,,,,,,,,,,,,,,,,
,,,,,,,,,,,,,,,,,,,
,,,,,,,,,,,,,,,,,,,
,,,,,,,,,,,,,,,,,,,
,,,,,,,,,,,,,,,,,,,
,,,,,,,,,,,,,,,,,,,
,,,,,,,,,,,,,,,,,,,
7,41,2,35,1,14,3,24,,,,,,,,,,,,
3,50,1,39,3,34,7,54,,,,,,,,,,,,
5,125,7,81,2,67,8,89,,,,,,,,,,,,
2,3,7,4,4,2,2,2,,,,,,,,,,,,
,,,,,,,,,,,,,,,,,,,
1,12,0,10,2,7,0,11,,,,,,,,,,,,
,,2,1,,,,,,,,,,,,,,,,
0,2,2,2,0,1,,,,,,,,,,,,,,
,,,,,,,,,,,,,,,,,,,
,,,,,,,,,,,,,,,,,,,
,,,,,,,,,,,,,,,,,,,
17,145,10,92,4,71,8,76,,,,,,,,,,,,
,,,,,,,,,,,,,,,,,,,
,,,,,,,,,,,,,,,,,,,
,,,,,,,,,,,,,,,,,,,
,,,,,,,,,,,,,,,,,,,
,,,,,,,,,,,,,,,,,,,
,,,,,,,,,,,,,,,,,,,
22,53,8,20,6,19,15,17,,,,,,,,,,,,
,,,,,,,,,,,,,,,,,,,
,,,,,,,,,,,,,,,,,,,
,,,,,,,,,,,,,,,,,,,
,,,,,,,,,,,,,,,,,,,
,,,,,,,,,,,,,,,,,,,
,,,,,,,,,,,,,,,,,,,
,,,,,,,,,,,,,,,,,,,
,,,,,,,,,,,,,,,,,,,
,,,,,,,,,,,,,,,,,,,
,,,,,,,,,,,,,,,,,,,
,,,,,,,,,,,,,,,,,,,
,,,,,,,,,,,,,,,,,,,
,,,,,,,,,,,,,,,,,,,
,,,,,,,,,,,,,,,,,,,
,,,,,,,,,,,,,,,,,,,
,,,,,,,,,,,,,,,,,,,
,,,,,,,,,,,,,,,,,,,
,,,,,,,,,,,,,,,,,,,
,,,,,,,,,,,,,,,,,,,
,,,,,,,,,,,,,,,,,,,
,,,,,,,,,,,,,,,,,,,
,,,,,,,,,,,,,,,,,,,
,,,,,,,,,,,,,,,,,,,
,,,,,,,,,,,,,,,,,,,
,,,,,,,,,,,,,,,,,,,
,,,,,,,,,,,,,,,,,,,
,,,,,,,,,,,,,,,,,,,
,,,,,,,,,,,,,,,,,,,
,,,,,,,,,,,,,,,,,,,
,,,,,,,,,,,,,,,,,,,
,,,,,,,,,,,,,,,,,,,
,,,,,,,,,,,,,,,,,,,
,,,,,,,,,,,,,,,,,,,
,,,,,,,,,,,,,,,,,,,
,,,,,,,,,,,,,,,,,,,
,,,,,,,,,,,,,,,,,,,
,,,,,,,,,,,,,,,,,,,
,,,,,,,,,,,,,,,,,,,
,,,,,,,,,,,,,,,,,,,
,,,,,,,,,,,,,,,,,,,
,,,,,,,,,,,,,,,,,,,
,,,,,,,,,,,,,,,,,,,
,,,,,,,,,,,,,,,,,,,
,,,,,,,,,,,,,,,,,,,
,,,,,,,,,,,,,,,,,,,
,,,,,,,,,,,,,,,,,,,
,,,,,,,,,,,,,,,,,,,
,,,,,,,,,,,,,,,,,,,
,,,,,,,,,,,,,,,,,,,
,,,,,,,,,,,,,,,,,,,
,,,,,,,,,,,,,,,,,,,
,,,,,,,,,,,,,,,,,,,
,,,,,,,,,,,,,,,,,,,
,,3,19,5,33,3,15,,,,,,,,,,,,
,,0,4,0,9,3,16,,,,,,,,,,,,
,,1,6,1,4,2,16,,,,,,,,,,,,
,,2,9,12,31,13,48,,,,,,,,,,,,
,,,,,,,,,,,,,,,,,,,
,,,,,,,,,,,,,,,,,,,
,,,,,,,,,,,,,,,,,,,
,,,,,,,,,,,,,,,,,,,
,,,,,,,,,,,,,,,,,,,
,,,,,,,,,,,,,,,,,,,
,,,,,,,,,,,,,,,,,,,
,,,,,,,,,,,,,,,,,,,
,,,,,,,,,,,,,,,,,,,
,,,,,,,,,,,,,,,,,,,
,,,,,,,,,,,,,,,,,,,
,,,,,,,,,,,,,,,,,,,
,,,,,,,,,,,,,,,,,,,
,,,,,,,,,,,,,,,,,,,
,,,,,,,,,,,,,,,,,,,
,,,,,,,,,,,,,,,,,,,
,,,,,,,,,,,,,,,,,,,
,,,,,,,,,,,,,,,,,,,
,,,,,,,,,,,,,,,,,,,
,,,,,,,,,,,,,,,,,,,
,,,,,,,,,,,,,,,,,,,
14,99,21,103,15,96,31,223,,,,,,,,,,,,
,,,,,,,,,,,,,,,,,,,
,,,,,,,,,,,,,,,,,,,
,,,,,,,,,,,,,,,,,,,
,,,,,,,,,,,,,,,,,,,
,,,,,,,,,,,,,,,,,,,
,,,,,,,,,,,,,,,,,,,
,,,,,,,,,,,,,,,,,,,
,,,,,,,,,,,,,,,,,,,
,,,,,,,,,,,,,,,,,,,
,,,,,,,,,,,,,,,,,,,
,,,,,,,,,,,,,,,,,,,
,,,,,,,,,,,,,,,,,,,
,,,,,,,,,,,,,,,,,,,
,,,,,,,,,,,,,,,,,,,
,,,,,,,,,,,,,,,,,,,
,,,,,,,,,,,,,,,,,,,
,,,,,,,,,,,,,,,,,,,
,,,,,,,,,,,,,,,,,,,
,,,,,,,,,,,,,,,,,,,
,,,,,,,,,,,,,,,,,,,
,,,,,,,,,,,,,,,,,,,
,,,,,,,,,,,,,,,,,,,
,,,,,,,,,,,,,,,,,,,
1,109,7,80,3,81,12,96,,,,,,,,,,,,
,,,,,,,,,,,,,,,,,,,
,,,,,,,,,,,,,,,,,,,
,,,,,,,,,,,,,,,,,,,
,,,,,,,,,,,,,,,,,,,
,,,,,,,,,,,,,,,,,,,
,,,,,,,,,,,,,,,,,,,
,,,,,,,,,,,,,,,,,,,
,,,,,,,,,,,,,,,,,,,
7,33,20,59,16,53,14,46,,,,,,,,,,,,
,,,,,,,,,,,,,,,,,,,
,,,,,,,,,,,,,,,,,,,
,,,,,,,,,,,,,,,,,,,
,,,,,,,,,,,,,,,,,,,
,,,,,,,,,,,,,,,,,,,
,,,,,,,,,,,,,,,,,,,
,,,,,,,,,,,,,,,,,,,
,,,,,,,,,,,,,,,,,,,
2,6,12,26,18,35,20,49,,,,,,,,,,,,
0,6,3,27,8,32,11,41,,,,,,,,,,,,
1,9,9,49,15,45,27,102,,,,,,,,,,,,
,,,,,,,,,,,,,,,,,,,
,,,,,,,,,,,,,,,,,,,
1,26,2,34,9,66,3,155,,,,,,,,,,,,
0,2,7,44,8,44,11,39,0,9,,,,,,,,,,
0,0,1,5,7,12,1,7,0,0,,,,,,,,,,
,,,,,,,,,,,,,,,,,,,
,,,,,,,,,,,,,,,,,,,
,,,,,,,,,,,,,,,,,,,
,,,,,,,,,,,,,,,,,,,
,,,,,,,,,,,,,,,,,,,
0,1,2,52,11,81,21,161,,,,,,,,,,,,
0,7,24,191,28,223,25,308,,,,,,,,,,,,
,,,,,,,,,,,,,,,,,,,
,,,,,,,,,,,,,,,,,,,
,,,,,,,,,,,,,,,,,,,
,,,,,,,,,,,,,,,,,,,
,,,,,,,,,,,,,,,,,,,
,,,,,,,,,,,,,,,,,,,
,,,,,,,,,,,,,,,,,,,
,,,,,,,,,,,,,,,,,,,
,,,,,,,,,,,,,,,,,,,
,,,,,,,,,,,,,,,,,,,
,,,,,,,,,,,,,,,,,,,
,,,,,,,,,,,,,,,,,,,
,,,,,,,,,,,,,,,,,,,
,,,,,,,,,,,,,,,,,,,
,,,,,,,,,,,,,,,,,,,
,,,,,,,,,,,,,,,,,,,
,,,,,,,,,,,,,,,,,,,
,,,,,,,,,,,,,,,,,,,
,,,,,,,,,,,,,,,,,,,
,,,,,,,,,,,,,,,,,,,
,,,,,,,,,,,,,,,,,,,
,,,,,,,,,,,,,,,,,,,
,,,,,,,,,,,,,,,,,,,
,,,,,,,,,,,,,,,,,,,
,,,,,,,,,,,,,,,,,,,
,,,,,,,,,,,,,,,,,,,
,,,,,,,,,,,,,,,,,,,
,,,,,,,,,,,,,,,,,,,
,,,,,,,,,,,,,,,,,,,
,,,,,,,,,,,,,,,,,,,
,,,,,,,,,,,,,,,,,,,
,,,,,,,,,,,,,,,,,,,
,,,,,,,,,,,,,,,,,,,
,,,,,,,,,,,,,,,,,,,
,,,,,,,,,,,,,,,,,,,
,,,,,,,,,,,,,,,,,,,
,,,,,,,,,,,,,,,,,,,
,,,,,,,,,,,,,,,,,,,
,,,,,,,,,,,,,,,,,,,
,,,,,,,,,,,,,,,,,,,
,,,,,,,,,,,,,,,,,,,
,,,,,,,,,,,,,,,,,,,
12,119,9,98,9,82,9,67,3,47,,,,,,,,,,
,,,,,,,,,,,,,,,,,,,
,,,,,,,,,,,,,,,,,,,
,,,,,,,,,,,,,,,,,,,
,,,,,,,,,,,,,,,,,,,
,,,,,,,,,,,,,,,,,,,
,,,,,,,,,,,,,,,,,,,
,,,,,,,,,,,,,,,,,,,
,,,,,,,,,,,,,,,,,,,
,,,,,,,,,,,,,,,,,,,
,,,,,,,,,,,,,,,,,,,
,,,,,,,,,,,,,,,,,,,
,,,,,,,,,,,,,,,,,,,
0,0,2,2,4,4,4,10,1,2,,,,,,,,,,
,,,,,,,,,,,,,,,,,,,
,,,,,,,,,,,,,,,,,,,
,,,,,,,,,,,,,,,,,,,
,,,,,,,,,,,,,,,,,,,
,,,,,,,,,,,,,,,,,,,
,,,,,,,,,,,,,,,,,,,
,,,,,,,,,,,,,,,,,,,
,,,,,,,,,,,,,,,,,,,
,,,,,,,,,,,,,,,,,,,
,,,,,,,,,,,,,,,,,,,
,,,,,,,,,,,,,,,,,,,
,,,,,,,,,,,,,,,,,,,
,,,,,,,,,,,,,,,,,,,
,,,,,,,,,,,,,,,,,,,
,,,,,,,,,,,,,,,,,,,
,,,,,,,,,,,,,,,,,,,
,,,,,,,,,,,,,,,,,,,
,,,,,,,,,,,,,,,,,,,
,,,,,,,,,,,,,,,,,,,
20,183,36,202,20,211,32,190,,,,,,,,,,,,
,,,,,,,,,,,,,,,,,,,
,,,,,,,,,,,,,,,,,,,
,,,,,,,,,,,,,,,,,,,
,,,,,,,,,,,,,,,,,,,
,,,,,,,,,,,,,,,,,,,
,,,,,,,,,,,,,,,,,,,
,,,,,,,,,,,,,,,,,,,
,,,,,,,,,,,,,,,,,,,
,,,,,,,,,,,,,,,,,,,
,,,,,,,,,,,,,,,,,,,
,,,,,,,,,,,,,,,,,,,
,,,,,,,,,,,,,,,,,,,
,,,,,,,,,,,,,,,,,,,
,,,,,,,,,,,,,,,,,,,
,,,,,,,,,,,,,,,,,,,
,,,,,,,,,,,,,,,,,,,
,,,,,,,,,,,,,,,,,,,
,,,,,,,,,,,,,,,,,,,
,,,,,,,,,,,,,,,,,,,
,,,,,,,,,,,,,,,,,,,
,,,,,,,,,,,,,,,,,,,
,,,,,,,,,,,,,,,,,,,
,,,,,,,,,,,,,,,,,,,
,,,,,,,,,,,,,,,,,,,
,,,,,,,,,,,,,,,,,,,
,,,,,,,,,,,,,,,,,,,
,,,,,,,,,,,,,,,,,,,
,,,,,,,,,,,,,,,,,,,
,,,,,,,,,,,,,,,,,,,
,,,,,,,,,,,,,,,,,,,
,,,,,,,,,,,,,,,,,,,
,,,,,,,,,,,,,,,,,,,
,,,,,,,,,,,,,,,,,,,
,,,,,,,,,,,,,,,,,,,
,,,,,,,,,,,,,,,,,,,
,,,,,,,,,,,,,,,,,,,
,,,,,,,,,,,,,,,,,,,
,,,,,,,,,,,,,,,,,,,
5,54,3,21,1,24,2,21,,,,,,,,,,,,
1,52,3,38,2,34,7,51,,,,,,,,,,,,
6,115,5,73,4,67,4,89,,,,,,,,,,,,
2,4,2,4,2,3,3,2,,,,,,,,,,,,
,,,,,,,,,,,,,,,,,,,
1,8,1,6,3,7,0,9,,,,,,,,,,,,
,,,,2,,,,,,,,,,,,,,,
1,1,1,2,0,1,0,1,,,,,,,,,,,,
,,,,,,,,,,,,,,,,,,,
,,,,,,,,,,,,,,,,,,,
,,,,,,,,,,,,,,,,,,,
11,12,8,23,11,31,21,51,,,,,,,,,,,,
11,23,10,19,11,27,6,21,,,,,,,,,,,,
16,70,26,57,22,63,22,55,,,,,,,,,,,,
12,78,13,63,13,64,21,99,,,,,,,,,,,,
10,63,6,44,2,18,2,32,,,,,,,,,,,,
10,109,5,81,9,76,4,93,,,,,,,,,,,,
8,71,1,76,4,55,14,70,,,,,,,,,,,,
1,13,6,9,8,14,6,24,,,,,,,,,,,,
15,168,27,161,15,139,25,140,,,,,,,,,,,,
,,,,,,,,,,,,,,,,,,,
,,,,,,,,,,,,,,,,,,,
,,,,,,,,,,,,,,,,,,,
,,,,,,,,,,,,,,,,,,,
,,,,,,,,,,,,,,,,,,,
,,,,,,,,,,,,,,,,,,,
,,,,,,,,,,,,,,,,,,,
,,,,,,,,,,,,,,,,,,,
,,,,,,,,,,,,,,,,,,,
,,,,,,,,,,,,,,,,,,,
,,,,,,,,,,,,,,,,,,,
,,,,,,,,,,,,,,,,,,,
,,,,,,,,,,,,,,,,,,,
,,,,,,,,,,,,,,,,,,,
,,,,,,,,,,,,,,,,,,,
,,,,,,,,,,,,,,,,,,,
,,,,,,,,,,,,,,,,,,,
,,,,,,,,,,,,,,,,,,,
7,106,9,79,7,63,3,65,4,68,,,,,,,,,,
6,153,9,98,8,93,8,72,10,42,,,,,,,,,,
,,,,,,,,,,,,,,,,,,,
,,,,,,,,,,,,,,,,,,,
,,,,,,,,,,,,,,,,,,,
,,,,,,,,,,,,,,,,,,,
,,,,,,,,,,,,,,,,,,,
,,,,,,,,,,,,,,,,,,,
,,,,,,,,,,,,,,,,,,,
,,,,,,,,,,,,,,,,,,,
,,,,,,,,,,,,,,,,,,,
,,,,,,,,,,,,,,,,,,,
14,96,19,74,30,103,25,109,,,,,,,,,,,,
10,103,2,82,6,122,10,117,,,,,,,,,,,,
,,,,,,,,,,,,,,,,,,,
,,,,,,,,,,,,,,,,,,,
,,,,,,,,,,,,,,,,,,,
,,,,,,,,,,,,,,,,,,,
,,,,,,,,,,,,,,,,,,,
,,,,,,,,,,,,,,,,,,,
,,,,,,,,,,,,,,,,,,,
,,,,,,,,,,,,,,,,,,,
,,,,,,,,,,,,,,,,,,,
,,,,,,,,,,,,,,,,,,,
,,,,,,,,,,,,,,,,,,,
,,,,,,,,,,,,,,,,,,,
,,,,,,,,,,,,,,,,,,,
,,,,,,,,,,,,,,,,,,,
,,,,,,,,,,,,,,,,,,,
,,,,,,,,,,,,,,,,,,,
,,,,,,,,,,,,,,,,,,,
,,,,,,,,,,,,,,,,,,,
,,,,,,,,,,,,,,,,,,,
,,,,,,,,,,,,,,,,,,,
,,,,,,,,,,,,,,,,,,,
,,,,,,,,,,,,,,,,,,,
,,,,,,,,,,,,,,,,,,,
,,,,,,,,,,,,,,,,,,,
,,,,,,,,,,,,,,,,,,,
,,,,,,,,,,,,,,,,,,,
,,,,,,,,,,,,,,,,,,,
,,,,,,,,,,,,,,,,,,,
,,,,,,,,,,,,,,,,,,,
,,,,,,,,,,,,,,,,,,,
,,,,,,,,,,,,,,,,,,,
,,,,,,,,,,,,,,,,,,,
,,,,,,,,,,,,,,,,,,,
,,,,,,,,,,,,,,,,,,,
,,,,,,,,,,,,,,,,,,,
,,,,,,,,,,,,,,,,,,,
,,,,,,,,,,,,,,,,,,,
,,,,,,,,,,,,,,,,,,,
,,,,,,,,,,,,,,,,,,,
,,,,,,,,,,,,,,,,,,,
,,,,,,,,,,,,,,,,,,,
,,,,,,,,,,,,,,,,,,,
,,,,,,,,,,,,,,,,,,,
,,,,,,,,,,,,,,,,,,,
,,,,,,,,,,,,,,,,,,,
,,,,,,,,,,,,,,,,,,,
,,,,,,,,,,,,,,,,,,,
,,,,,,,,,,,,,,,,,,,
,,,,,,,,,,,,,,,,,,,
,,,,,,,,,,,,,,,,,,,
,,,,,,,,,,,,,,,,,,,
,,,,,,,,,,,,,,,,,,,
,,,,,,,,,,,,,,,,,,,
,,,,,,,,,,,,,,,,,,,
,,,,,,,,,,,,,,,,,,,
,,,,,,,,,,,,,,,,,,,
,,,,,,,,,,,,,,,,,,,
,,,,,,,,,,,,,,,,,,,
,,,,,,,,,,,,,,,,,,,
,,,,,,,,,,,,,,,,,,,
,,,,,,,,,,,,,,,,,,,
,,,,,,,,,,,,,,,,,,,
25,109,18,101,22,138,30,195,,,,,,,,,,,,
,,,,,,,,,,,,,,,,,,,
,,,,,,,,,,,,,,,,,,,
,,,,,,,,,,,,,,,,,,,
,,,,,,,,,,,,,,,,,,,
,,,,,,,,,,,,,,,,,,,
,,,,,,,,,,,,,,,,,,,
5,68,5,32,2,28,7,43,2,6,,,,,,,,,,
17,127,9,85,4,78,9,66,,2,,,,,,,,,,
,,,,,,,,,,,,,,,,,,,
12,128,10,89,10,101,12,91,,,,,,,,,,,,
4,25,1,29,4,50,10,57,,,,,,,,,,,,
,,,,,,,,,,,,,,,,,,,
,,,,,,,,,,,,,,,,,,,
,,,,,,,,,,,,,,,,,,,
,,,,,,,,,,,,,,,,,,,
,,,,,,,,,,,,,,,,,,,
,,,,,,,,,,,,,,,,,,,
,,,,,,,,,,,,,,,,,,,
,,,,,,,,,,,,,,,,,,,
,,,,,,,,,,,,,,,,,,,
,,,,,,,,,,,,,,,,,,,
,,,,,,,,,,,,,,,,,,,
,,,,,,,,,,,,,,,,,,,
,,,,,,,,,,,,,,,,,,,
,,,,,,,,,,,,,,,,,,,
,,,,,,,,,,,,,,,,,,,
5,105,3,81,7,89,4,99,,,,,,,,,,,,
9,64,6,26,1,23,1,26,,4,,,,,,,,,,
23,110,17,85,9,70,6,38,,2,,,,,,,,,,
6,51,,41,3,51,3,58,,6,,,,,,,,,,
11,201,6,159,7,130,15,118,4,5,,,,,,,,,,
5,17,5,33,9,48,10,40,1,6,,,,,,,,,,
3,,,1,,,,,,,,,,,,,,,,
,,,,,,,,,,,,,,,,,,,
,,,,,,,,,,,,,,,,,,,
,,,,,,,,,,,,,,,,,,,
17,33,17,64,21,71,16,59,,,,,,,,,,,,
,,,,,,,,,,,,,,,,,,,
,,,,,,,,,,,,,,,,,,,
,,,,,,,,,,,,,,,,,,,
,,,,,,,,,,,,,,,,,,,
,,,,,,,,,,,,,,,,,,,
,,,,,,,,,,,,,,,,,,,
,,,,,,,,,,,,,,,,,,,
,,,,,,,,,,,,,,,,,,,
1,8,10,36,16,38,22,59,,,,,,,,,,,,
0,2,5,22,4,33,19,53,,,,,,,,,,,,
0,10,14,48,14,76,33,105,,,,,,,,,,,,
,,,,,,,,,,,,,,,,,,,
,,,,,,,,,,,,,,,,,,,
0,1,7,53,9,48,8,38,2,7,,,,,,,,,,
0,0,2,1,6,9,6,11,0,0,,,,,,,,,,
,,,,,,,,,,,,,,,,,,,
,,,,,,,,,,,,,,,,,,,
,,,,,,,,,,,,,,,,,,,
,,,,,,,,,,,,,,,,,,,
,,,,,,,,,,,,,,,,,,,
,,,,,,,,,,,,,,,,,,,
,,,,,,,,,,,,,,,,,,,
,,,,,,,,,,,,,,,,,,,
0,2,8,54,10,83,19,152,,,,,,,,,,,,
0,5,28,185,29,257,36,320,,,,,,,,,,,,
,,,,,,,,,,,,,,,,,,,
,,,,,,,,,,,,,,,,,,,
,,,,,,,,,,,,,,,,,,,
,,,,,,,,,,,,,,,,,,,
,,,,,,,,,,,,,,,,,,,
,,,,,,,,,,,,,,,,,,,
,,,,,,,,,,,,,,,,,,,
,,,,,,,,,,,,,,,,,,,
,,,,,,,,,,,,,,,,,,,
,,,,,,,,,,,,,,,,,,,
,,,,,,,,,,,,,,,,,,,
,,,,,,,,,,,,,,,,,,,
,,,,,,,,,,,,,,,,,,,
,,,,,,,,,,,,,,,,,,,
,,,,,,,,,,,,,,,,,,,
,,,,,,,,,,,,,,,,,,,
,,,,,,,,,,,,,,,,,,,
,,,,,,,,,,,,,,,,,,,
,,,,,,,,,,,,,,,,,,,
,,,,,,,,,,,,,,,,,,,
,,,,,,,,,,,,,,,,,,,
,,,,,,,,,,,,,,,,,,,
,,,,,,,,,,,,,,,,,,,
,,,,,,,,,,,,,,,,,,,
,,,,,,,,,,,,,,,,,,,
,,,,,,,,,,,,,,,,,,,
,,,,,,,,,,,,,,,,,,,
,,,,,,,,,,,,,,,,,,,
,,,,,,,,,,,,,,,,,,,
,,,,,,,,,,,,,,,,,,,
,,,,,,,,,,,,,,,,,,,
,,,,,,,,,,,,,,,,,,,
,,,,,,,,,,,,,,,,,,,
,,,,,,,,,,,,,,,,,,,
,,,,,,,,,,,,,,,,,,,
,,,,,,,,,,,,,,,,,,,
,,,,,,,,,,,,,,,,,,,
,,,,,,,,,,,,,,,,,,,
,,,,,,,,,,,,,,,,,,,
,,,,,,,,,,,,,,,,,,,
,,,,,,,,,,,,,,,,,,,
,,,,,,,,,,,,,,,,,,,
17,129,9,95,5,92,10,78,5,43,,,,,,,,,,
,,,,,,,,,,,,,,,,,,,
,,,,,,,,,,,,,,,,,,,
,,,,,,,,,,,,,,,,,,,
,,,,,,,,,,,,,,,,,,,
,,,,,,,,,,,,,,,,,,,
,,,,,,,,,,,,,,,,,,,
,,,,,,,,,,,,,,,,,,,
,,,,,,,,,,,,,,,,,,,
,,,,,,,,,,,,,,,,,,,
,,,,,,,,,,,,,,,,,,,
,,,,,,,,,,,,,,,,,,,
,,,,,,,,,,,,,,,,,,,
0,0,1,3,2,7,7,8,5,11,,,,,,,,,,
,,,,,,,,,,,,,,,,,,,
,,,,,,,,,,,,,,,,,,,
,,,,,,,,,,,,,,,,,,,
,,,,,,,,,,,,,,,,,,,
,,,,,,,,,,,,,,,,,,,
,,,,,,,,,,,,,,,,,,,
,,,,,,,,,,,,,,,,,,,
,,,,,,,,,,,,,,,,,,,
,,,,,,,,,,,,,,,,,,,
,,,,,,,,,,,,,,,,,,,
,,,,,,,,,,,,,,,,,,,
,,,,,,,,,,,,,,,,,,,
,,,,,,,,,,,,,,,,,,,
,,,,,,,,,,,,,,,,,,,
,,,,,,,,,,,,,,,,,,,
,,,,,,,,,,,,,,,,,,,
,,,,,,,,,,,,,,,,,,,
,,,,,,,,,,,,,,,,,,,
16,62,23,126,38,189,61,281,,,,,,,,,,,,
5,43,6,31,7,34,2,35,,,,,,,,,,,,
5,33,8,29,7,45,20,88,,,,,,,,,,,,
,,,,,,,,,,,,,,,,,,,
,,,,,,,,,,,,,,,,,,,
,,,,,,,,,,,,,,,,,,,
,,,,,,,,,,,,,,,,,,,
,,,,,,,,,,,,,,,,,,,
,,,,,,,,,,,,,,,,,,,
,,,,,,,,,,,,,,,,,,,
,,,,,,,,,,,,,,,,,,,
,,,,,,,,,,,,,,,,,,,
,,,,,,,,,,,,,,,,,,,
,,,,,,,,,,,,,,,,,,,
,,,,,,,,,,,,,,,,,,,
,,,,,,,,,,,,,,,,,,,
,,,,,,,,,,,,,,,,,,,
,,,,,,,,,,,,,,,,,,,
,,,,,,,,,,,,,,,,,,,
,,,,,,,,,,,,,,,,,,,
,,,,,,,,,,,,,,,,,,,
,,,,,,,,,,,,,,,,,,,
,,,,,,,,,,,,,,,,,,,
,,,,,,,,,,,,,,,,,,,
,,,,,,,,,,,,,,,,,,,
,,,,,,,,,,,,,,,,,,,
,,,,,,,,,,,,,,,,,,,
,,,,,,,,,,,,,,,,,,,
,,,,,,,,,,,,,,,,,,,
,,,,,,,,,,,,,,,,,,,
,,,,,,,,,,,,,,,,,,,
,,,,,,,,,,,,,,,,,,,
,,,,,,,,,,,,,,,,,,,
,,,,,,,,,,,,,,,,,,,
,,,,,,,,,,,,,,,,,,,
,,,,,,,,,,,,,,,,,,,
,,,,,,,,,,,,,,,,,,,
,,,,,,,,,,,,,,,,,,,
,,,,,,,,,,,,,,,,,,,
,,,,,,,,,,,,,,,,,,,
,,,,,,,,,,,,,,,,,,,
,,,,,,,,,,,,,,,,,,,
1,64,0,34,2,24,1,21,,,,,,,,,,,,
3,63,2,30,5,30,6,52,,,,,,,,,,,,
12,136,9,74,5,62,4,98,,,,,,,,,,,,
3,4,1,4,1,7,3,4,,,,,,,,,,,,
,,,,,,,,,,,,,,,,,,,
,,,,,,,,,,,,,,,,,,,
,,,,,,,,,,,,,,,,,,,
,,,,,,,,,,,,,,,,,,,
,,,,,,,,,,,,,,,,,,,
,,,,,,,,,,,,,,,,,,,
,,,,,,,,,,,,,,,,,,,
,,,,,,,,,,,,,,,,,,,
5,15,14,20,5,21,20,48,,,,,,,,,,,,
15,25,9,22,9,28,15,25,,,,,,,,,,,,
19,69,13,52,23,63,27,82,,,,,,,,,,,,
21,73,18,68,15,81,17,85,,,,,,,,,,,,
9,78,6,38,4,33,2,31,,,,,,,,,,,,
15,116,3,88,7,76,7,93,,,,,,,,,,,,
9,66,7,69,1,51,9,74,,,,,,,,,,,,
0,13,2,13,5,11,11,17,,,,,,,,,,,,
28,190,12,151,24,127,26,160,,,,,,,,,,,,
4,69,4,54,1,34,2,44,,,,,,,,,,,,
10,91,6,44,4,36,4,34,,,,,,,,,,,,
3,68,8,73,15,77,12,101,,,,,,,,,,,,
0,23,0,10,1,13,0,17,,,,,,,,,,,,
,,,,,,,,,,,,,,,,,,,
,,,,,,,,,,,,,,,,,,,
,,,,,,,,,,,,,,,,,,,
,,,,,,,,,,,,,,,,,,,
,,,,,,,,,,,,,,,,,,,
,,,,,,,,,,,,,,,,,,,
,,,,,,,,,,,,,,,,,,,
,,,,,,,,,,,,,,,,,,,
,,,,,,,,,,,,,,,,,,,
,,,,,,,,,,,,,,,,,,,
,,,,,,,,,,,,,,,,,,,
,,,,,,,,,,,,,,,,,,,
,,,,,,,,,,,,,,,,,,,
,,,,,,,,,,,,,,,,,,,
,,,,,,,,,,,,,,,,,,,
4,86,8,98,8,72,5,55,7,79,,,,,,,,,,
11,134,5,117,6,120,9,66,10,79,,,,,,,,,,
,,,,,,,,,,,,,,,,,,,
,,,,,,,,,,,,,,,,,,,
,,,,,,,,,,,,,,,,,,,
,,,,,,,,,,,,,,,,,,,
,,,,,,,,,,,,,,,,,,,
,,,,,,,,,,,,,,,,,,,
,,,,,,,,,,,,,,,,,,,
,,,,,,,,,,,,,,,,,,,
,,,,,,,,,,,,,,,,,,,
,,,,,,,,,,,,,,,,,,,
22,70,14,64,20,84,33,122,,,,,,,,,,,,
13,79,7,82,4,78,14,156,,,,,,,,,,,,
,,,,,,,,,,,,,,,,,,,
,,,,,,,,,,,,,,,,,,,
,,,,,,,,,,,,,,,,,,,
,,,,,,,,,,,,,,,,,,,
,,,,,,,,,,,,,,,,,,,
,,,,,,,,,,,,,,,,,,,
,,,,,,,,,,,,,,,,,,,
,,,,,,,,,,,,,,,,,,,
,,,,,,,,,,,,,,,,,,,
,,,,,,,,,,,,,,,,,,,
,,,,,,,,,,,,,,,,,,,
,,,,,,,,,,,,,,,,,,,
,,,,,,,,,,,,,,,,,,,
,,,,,,,,,,,,,,,,,,,
,,,,,,,,,,,,,,,,,,,
,,,,,,,,,,,,,,,,,,,
,,,,,,,,,,,,,,,,,,,
,,,,,,,,,,,,,,,,,,,
,,,,,,,,,,,,,,,,,,,
,,,,,,,,,,,,,,,,,,,
,,,,,,,,,,,,,,,,,,,
,,,,,,,,,,,,,,,,,,,
,,,,,,,,,,,,,,,,,,,
,,,,,,,,,,,,,,,,,,,
,,,,,,,,,,,,,,,,,,,
,,,,,,,,,,,,,,,,,,,
,,,,,,,,,,,,,,,,,,,
,,,,,,,,,,,,,,,,,,,
,,,,,,,,,,,,,,,,,,,
,,,,,,,,,,,,,,,,,,,
,,,,,,,,,,,,,,,,,,,
,,,,,,,,,,,,,,,,,,,
,,,,,,,,,,,,,,,,,,,
,,,,,,,,,,,,,,,,,,,
,,,,,,,,,,,,,,,,,,,
,,,,,,,,,,,,,,,,,,,
,,,,,,,,,,,,,,,,,,,
,,,,,,,,,,,,,,,,,,,
,,,,,,,,,,,,,,,,,,,
,,,,,,,,,,,,,,,,,,,
,,,,,,,,,,,,,,,,,,,
,,,,,,,,,,,,,,,,,,,
,,,,,,,,,,,,,,,,,,,
,,,,,,,,,,,,,,,,,,,
,,,,,,,,,,,,,,,,,,,
,,,,,,,,,,,,,,,,,,,
,,,,,,,,,,,,,,,,,,,
21,111,13,104,14,105,25,186,,,,,,,,,,,,
18,147,15,137,13,152,32,225,,,,,,,,,,,,
,,,,,,,,,,,,,,,,,,,
,,,,,,,,,,,,,,,,,,,
16,30,13,99,35,188,97,514,,,,,,,,,,,,
,,,,,,,,,,,,,,,,,,,
37,159,32,183,37,219,66,427,,,,,,,,,,,,
,,,,,,,,,,,,,,,,,,,
,,,,,,,,,,,,,,,,,,,
,,,,,,,,,,,,,,,,,,,
,,,,,,,,,,,,,,,,,,,
,,,,,,,,,,,,,,,,,,,
,,,,,,,,,,,,,,,,,,,
,,,,,,,,,,,,,,,,,,,
,,,,,,,,,,,,,,,,,,,
,,,,,,,,,,,,,,,,,,,
,,,,,,,,,,,,,,,,,,,
,,,,,,,,,,,,,,,,,,,
31,124,28,113,29,174,48,240,,,,,,,,,,,,
,,,,,,,,,,,,,,,,,,,
,,,,,,,,,,,,,,,,,,,
,,,,,,,,,,,,,,,,,,,
,,,,,,,,,,,,,,,,,,,
,,,,,,,,,,,,,,,,,,,
,,,,,,,,,,,,,,,,,,,
7,65,6,48,5,30,6,50,3,8,,,,,,,,,,
20,131,16,109,7,107,9,82,0,6,,,,,,,,,,
,,,,,,,,,,,,,,,,,,,
10,119,11,103,13,108,18,124,,,,,,,,,,,,
2,26,4,46,3,82,9,76,,,,,,,,,,,,
,,,,,,,,,,,,,,,,,,,
,,,,,,,,,,,,,,,,,,,
,,,,,,,,,,,,,,,,,,,
,,,,,,,,,,,,,,,,,,,
,,,,,,,,,,,,,,,,,,,
,,,,,,,,,,,,,,,,,,,
,,,,,,,,,,,,,,,,,,,
,,,,,,,,,,,,,,,,,,,
,,,,,,,,,,,,,,,,,,,
,,,,,,,,,,,,,,,,,,,
,,,,,,,,,,,,,,,,,,,
,,,,,,,,,,,,,,,,,,,
,,,,,,,,,,,,,,,,,,,
,,,26,17,104,16,137,,,,,,,,,,,,
,,,,1,7,6,39,,,,,,,,,,,,
,,,,,,,,,,,,,,,,,,,
,,,,,,,,,,,,,,,,,,,
19,139,5,60,5,84,7,105,,,,,,,,,,,,
7,59,10,36,2,24,1,36,,2,,,,,,,,,,
17,118,22,114,17,83,9,62,1,6,,,,,,,,,,
5,46,5,41,,57,6,72,1,6,,,,,,,,,,
9,211,10,167,9,150,12,148,3,5,,,,,,,,,,
4,13,12,27,9,54,11,61,,4,,,,,,,,,,
4,6,,8,1,6,,1,1,,,,,,,,,,,
,,,,,,,,,,,,,,,,,,,
,,,,,,,,,,,,,,,,,,,
,,,,,,,,,,,,,,,,,,,
16,55,15,46,16,74,24,63,,,,,,,,,,,,
16,100,24,81,17,94,13,82,31,168,,,,,,,,,,
21,95,20,99,10,104,22,81,52,222,,,,,,,,,,
26,92,34,118,31,111,27,101,69,267,,,,,,,,,,
,,,,,,,,,,,,,,,,,,,
,,,,,,,,,,,,,,,,,,,
,,,,,,,,,,,,,,,,,,,
,,,,,,,,,,,,,,,,,,,
,,,,,,,,,,,,,,,,,,,
,,,,,,,,,,,,,,,,,,,
,,,,,,,,,,,,,,,,,,,
,,,,,,,,,,,,,,,,,,,
0,7,11,35,15,48,26,73,,,,,,,,,,,,
0,1,5,28,8,33,11,56,,,,,,,,,,,,
0,10,8,33,12,64,27,102,,,,,,,,,,,,
,,,,,,,,,,,,,,,,,,,
,,,,,,,,,,,,,,,,,,,
,,,,,,,,,,,,,,,,,,,
,,,,,,,,,,,,,,,,,,,
,,,,,,,,,,,,,,,,,,,
,,,,,,,,,,,,,,,,,,,
,,,,,,,,,,,,,,,,,,,
,,,,,,,,,,,,,,,,,,,
,,5,16,3,18,7,21,,1,,,,,,,,,,
,,0,7,1,4,0,3,,,,,,,,,,,,
,8,,5,,4,1,2,,1,,,,,,,,,,
,,3,9,2,12,3,16,0,3,,,,,,,,,,
19,75,,,,,,,,,,,,,,,,,,
,,2,18,5,22,11,34,1,4,,,,,,,,,,
13,55,,,,,,,,,,,,,,,,,,
,,,,,,,,,,,,,,,,,,,
0,0,6,48,9,78,20,140,,,,,,,,,,,,
0,1,27,199,34,274,46,344,,,,,,,,,,,,
,,,,,,,,,,,,,,,,,,,
,,,,,,,,,,,,,,,,,,,
,,,,,,,,,,,,,,,,,,,
,,,,,,,,,,,,,,,,,,,
,,,,,,,,,,,,,,,,,,,
,,,,,,,,,,,,,,,,,,,
,,,,,,,,,,,,,,,,,,,
,,,,,,,,,,,,,,,,,,,
,,,,,,,,,,,,,,,,,,,
,,,,,,,,,,,,,,,,,,,
,,,,,,,,,,,,,,,,,,,
,,,,,,,,,,,,,,,,,,,
,,,,,,,,,,,,,,,,,,,
,,,,,,,,,,,,,,,,,,,
,,,,,,,,,,,,,,,,,,,
,,,,,,,,,,,,,,,,,,,
,,,,,,,,,,,,,,,,,,,
,,,,,,,,,,,,,,,,,,,
,,,,,,,,,,,,,,,,,,,
,,,,,,,,,,,,,,,,,,,
,,,,,,,,,,,,,,,,,,,
,,,,,,,,,,,,,,,,,,,
,,,,,,,,,,,,,,,,,,,
,,,,,,,,,,,,,,,,,,,
,,,,,,,,,,,,,,,,,,,
,,,,,,,,,,,,,,,,,,,
,,,,,,,,,,,,,,,,,,,
,,,,,,,,,,,,,,,,,,,
,,,,,,,,,,,,,,,,,,,
,,,,,,,,,,,,,,,,,,,
,,,,,,,,,,,,,,,,,,,
,,,,,,,,,,,,,,,,,,,
,,,,,,,,,,,,,,,,,,,
,,,,,,,,,,,,,,,,,,,
,,,,,,,,,,,,,,,,,,,
,,,,,,,,,,,,,,,,,,,
,,,,,,,,,,,,,,,,,,,
,,,,,,,,,,,,,,,,,,,
,,,,,,,,,,,,,,,,,,,
,,,,,,,,,,,,,,,,,,,
,,,,,,,,,,,,,,,,,,,
,,,,,,,,,,,,,,,,,,,
,,,,,,,,,,,,,,,,,,,
,,,,,,,,,,,,,,,,,,,
,,,,,,,,,,,,,,,,,,,
,,,,,,,,,,,,,,,,,,,
,,,,,,,,,,,,,,,,,,,
,,,,,,,,,,,,,,,,,,,
24,93,26,62,11,90,25,142,,,,,,,,,,,,
13,90,9,73,11,88,13,109,,,,,,,,,,,,
27,93,10,82,11,94,22,278,,,,,,,,,,,,
,,,,,,,,,,,,,,,,,,,
,,,,,,,,,,,,,,,,,,,
,,,,,,,,,,,,,,,,,,,
,,,,,,,,,,,,,,,,,,,
,,,,,,,,,,,,,,,,,,,
,,,,,,,,,,,,,,,,,,,
,,,,,,,,,,,,,,,,,,,
,,,,,,,,,,,,,,,,,,,
,,,,,,,,,,,,,,,,,,,
,,,,,,,,,,,,,,,,,,,
,,11,37,14,76,6,61,1,5,,,,,,,,,,
1,3,2,9,3,8,1,10,,,,,,,,,,,,
,,3,5,5,22,9,10,,,,,,,,,,,,
,,,,,,,,,,,,,,,,,,,
,,,,,,,,,,,,,,,,,,,
,,,,,,,,,,,,,,,,,,,
,,,,,,,,,,,,,,,,,,,
,,,,,,,,,,,,,,,,,,,
0,0,1,2,3,14,1,11,0,0,,,,,,,,,,
0,0,0,6,6,32,4,31,0,4,,,,,,,,,,
,,,,,,,,,,,,,,,,,,,
1,57,2,20,3,19,6,19,6,11,,,,,,,,,,
15,20,17,25,7,21,16,35,,,,,,,,,,,,
,,,1,2,11,4,18,,,,,,,,,,,,
,,,,,,,,,,,,,,,,,,,
,,,,,,,,,,,,,,,,,,,
,,,,,,,,,,,,,,,,,,,
,,,,,,,,,,,,,,,,,,,
,,,,,,,,,,,,,,,,,,,
,,,,,,,,,,,,,,,,,,,
,,,,,,,,,,,,,,,,,,,
,,,,,,,,,,,,,,,,,,,
,,,,,,,,,,,,,,,,,,,
,,,,,,,,,,,,,,,,,,,
16,53,25,102,59,242,68,319,,,,,,,,,,,,
7,39,5,28,4,29,7,46,,,,,,,,,,,,
4,40,6,37,10,44,14,85,,,,,,,,,,,,
,,,,,,,,,,,,,,,,,,,
,,,,,,,,,,,,,,,,,,,
,,,,,,,,,,,,,,,,,,,
,,,,,,,,,,,,,,,,,,,
0,0,17,30,5,18,3,36,0,0,,,,,,,,,,
,,,,,,,,,,,,,,,,,,,
,,,,,,,,,,,,,,,,,,,
,,,,,,,,,,,,,,,,,,,
,,,,,,,,,,,,,,,,,,,
,,,,,,,,,,,,,,,,,,,
,,,,,,,,,,,,,,,,,,,
,,,,,,,,,,,,,,,,,,,
,,,,,,,,,,,,,,,,,,,
,,,,,,,,,,,,,,,,,,,
,,,,,,,,,,,,,,,,,,,
,,,,,,,,,,,,,,,,,,,
,,,,,,,,,,,,,,,,,,,
,,,,,,,,,,,,,,,,,,,
,,,,,,,,,,,,,,,,,,,
,,,,,,,,,,,,,,,,,,,
,,,,,,,,,,,,,,,,,,,
,,,,,,,,,,,,,,,,,,,
,,,,,,,,,,,,,,,,,,,
,,,,,,,,,,,,,,,,,,,
,,,,,,,,,,,,,,,,,,,
,,,,,,,,,,,,,,,,,,,
0,7,1,20,1,9,1,16,,,,,,,,,,,,
,,,,,,,,,,,,,,,,,,,
,,,,,,,,,,,,,,,,,,,
5,49,1,28,2,19,0,35,,,,,,,,,,,,
7,73,3,36,2,22,8,46,,,,,,,,,,,,
9,139,6,74,11,67,4,86,,,,,,,,,,,,
,,,,,,,,,,,,,,,,,,,
,,,,,,,,,,,,,,,,,,,
,,,,,,,,,,,,,,,,,,,
,,,,,,,,,,,,,,,,,,,
,,,,,,,,,,,,,,,,,,,
,,,,,,,,,,,,,,,,,,,
,,,,,,,,,,,,,,,,,,,
,,,,,,,,,,,,,,,,,,,
8,24,7,24,14,35,14,40,,,,,,,,,,,,
11,31,16,24,16,24,17,30,,,,,,,,,,,,
25,99,10,58,16,51,32,85,,,,,,,,,,,,
21,69,12,62,20,63,18,96,,,,,,,,,,,,
14,74,3,48,1,28,5,37,,,,,,,,,,,,
16,101,9,83,5,93,11,103,,,,,,,,,,,,
6,85,15,59,5,74,4,78,,,,,,,,,,,,
3,20,3,6,6,13,10,13,,,,,,,,,,,,
37,198,31,147,15,137,27,162,,,,,,,,,,,,
11,73,2,50,2,39,2,44,,,,,,,,,,,,
12,77,5,47,4,40,6,36,,,,,,,,,,,,
6,57,2,63,11,77,18,104,,,,,,,,,,,,
0,14,0,8,0,7,0,19,,,,,,,,,,,,
,,,,,,,,,,,,,,,,,,,
,,,,,,,,,,,,,,,,,,,
,,,,,,,,,,,,,,,,,,,
0,27,3,19,1,8,2,8,0,13,,,,,,,,,,
4,66,7,45,5,31,2,25,4,34,,,,,,,,,,
5,35,4,34,4,37,2,22,7,46,,,,,,,,,,
2,29,3,22,2,22,,18,,,,,,,,,,,,
5,41,1,37,,21,,14,,,,,,,,,,,,
,12,1,3,,2,1,1,,,,,,,,,,,,
4,15,2,27,2,19,3,26,,,,,,,,,,,,
3,8,1,5,1,17,4,4,,,,,,,,,,,,
6,79,12,55,3,25,,23,,,,,,,,,,,,
,,,,,,,,,,,,,,,,,,,
,,,,,,,,,,,,,,,,,,,
,,,,,,,,,,,,,,,,,,,
,,,,,,,,,,,,,,,,,,,
,,,,,,,,,,,,,,,,,,,
,,,,,,,,,,,,,,,,,,,
,,,,,,,,,,,,,,,,,,,
,,,,,,,,,,,,,,,,,,,
,,,,,,,,,,,,,,,,,,,
7,25,0,18,2,20,4,28,,,,,,,,,,,,
2,7,4,23,1,23,3,32,,,,,,,,,,,,
2,38,3,26,4,32,4,32,,,,,,,,,,,,
13,92,9,105,12,114,2,63,7,78,,,,,,,,,,
7,159,14,129,7,104,2,76,14,106,,,,,,,,,,
,,,,,,,,,,,,,,,,,,,
,,,,,,,,,,,,,,,,,,,
,,,,,,,,,,,,,,,,,,,
,,,,,,,,,,,,,,,,,,,
,,,,,,,,,,,,,,,,,,,
,,,,,,,,,,,,,,,,,,,
,,,,,,,,,,,,,,,,,,,
,,,,,,,,,,,,,,,,,,,
,,,,,,,,,,,,,,,,,,,
,,,,,,,,,,,,,,,,,,,
,,,,,,,,,,,,,,,,,,,
,,,,,,,,,,,,,,,,,,,
20,71,20,59,18,79,35,106,,,,,,,,,,,,
8,89,7,62,6,77,12,134,,,,,,,,,,,,
,,,,,,,,,,,,,,,,,,,
,,,,,,,,,,,,,,,,,,,
,,,,,,,,,,,,,,,,,,,
,,,,,,,,,,,,,,,,,,,
,,,,,,,,,,,,,,,,,,,
,,,,,,,,,,,,,,,,,,,
,,,,,,,,,,,,,,,,,,,
,,,,,,,,,,,,,,,,,,,
,,,,,,,,,,,,,,,,,,,
,,,,,,,,,,,,,,,,,,,
,,,,,,,,,,,,,,,,,,,
,,,,,,,,,,,,,,,,,,,
,,,,,,,,,,,,,,,,,,,
,,,,,,,,,,,,,,,,,,,
,,,,,,,,,,,,,,,,,,,
,,,,,,,,,,,,,,,,,,,
,,,,,,,,,,,,,,,,,,,
,,,,,,,,,,,,,,,,,,,
,,,,,,,,,,,,,,,,,,,
,,,,,,,,,,,,,,,,,,,
,,,,,,,,,,,,,,,,,,,
,,,,,,,,,,,,,,,,,,,
,,,,,,,,,,,,,,,,,,,
,,,,,,,,,,,,,,,,,,,
,,,,,,,,,,,,,,,,,,,
,,,,,,,,,,,,,,,,,,,
,,,,,,,,,,,,,,,,,,,
,,,,,,,,,,,,,,,,,,,
,,,,,,,,,,,,,,,,,,,
,,,,,,,,,,,,,,,,,,,
,,,,,,,,,,,,,,,,,,,
,,,,,,,,,,,,,,,,,,,
,,,,,,,,,,,,,,,,,,,
,,,,,,,,,,,,,,,,,,,
,,,,,,,,,,,,,,,,,,,
,,,,,,,,,,,,,,,,,,,
,,,,,,,,,,,,,,,,,,,
16,127,14,127,19,124,31,220,,,,,,,,,,,,
22,170,22,162,19,142,33,289,,,,,,,,,,,,
,,,,,,,,,,,,,,,,,,,
,,,,,,,,,,,,,,,,,,,
3,27,18,96,25,205,102,498,,,,,,,,,,,,
,,,,,,,,,,,,,,,,,,,
34,186,38,188,33,172,71,443,,,,,,,,,,,,
,,,,,,,,,,,,,,,,,,,
,,,,,,,,,,,,,,,,,,,
,,,,,,,,,,,,,,,,,,,
,,,,,,,,,,,,,,,,,,,
,,,,,,,,,,,,,,,,,,,
,,,,,,,,,,,,,,,,,,,
0,0,1,5,11,36,18,108,,,,,,,,,,,,
33,267,30,191,34,267,21,233,,,,,,,,,,,,
,,,,,,,,,,,,,,,,,,,
32,131,34,127,41,204,55,338,,,,,,,,,,,,
,,,,,,,,,,,,,,,,,,,
11,63,6,46,6,49,6,61,1,7,,,,,,,,,,
14,146,19,105,12,115,13,106,0,4,,,,,,,,,,
,,,,,,,,,,,,,,,,,,,
13,100,9,101,15,127,18,178,,,,,,,,,,,,
6,20,4,38,5,87,12,109,,,,,,,,,,,,
16,56,23,79,16,68,16,71,3,31,,,,,,,,,,
6,36,10,36,8,43,6,50,2,25,,,,,,,,,,
13,67,11,94,22,102,18,106,8,30,,,,,,,,,,
,,,,,,,,,,,,,,,,,,,
,,,,,,,,,,,,,,,,,,,
,,,,,,,,,,,,,,,,,,,
,,,,,,,,,,,,,,,,,,,
,,,,,,,,,,,,,,,,,,,
,,,,,,,,,,,,,,,,,,,
,,,,,,,,,,,,,,,,,,,
,,,,,,,,,,,,,,,,,,,
,,,,,,,,,,,,,,,,,,,
3,15,2,3,3,9,2,4,,,,,,,,,,,,
4,32,3,33,3,33,5,26,,,,,,,,,,,,
,,,,,,,,,,,,,,,,,,,
,,5,33,9,75,20,147,5,29,,,,,,,,,,
,,,1,1,10,1,24,1,6,,,,,,,,,,
0,0,0,0,2,10,1,22,,,,,,,,,,,,
0,0,3,33,10,69,20,223,,,,,,,,,,,,
,,,,,,,,,,,,,,,,,,,
,,,,,,,,,,,,,,,,,,,
8,142,13,60,6,84,9,114,,,,,,,,,,,,
,,,,,,,,,,,,,,,,,,,
,,,,,,,,,,,,,,,,,,,
7,65,5,36,7,33,1,35,,1,,,,,,,,,,
19,120,16,84,16,102,14,73,1,7,,,,,,,,,,
5,54,3,36,7,37,7,75,1,7,,,,,,,,,,
10,174,10,174,13,134,15,174,3,8,,,,,,,,,,
2,23,7,46,11,57,13,67,2,6,,,,,,,,,,
2,7,4,11,2,8,2,11,,2,,,,,,,,,,
,,,,,,,,,,,,,,,,,,,
,,,,,,,,,,,,,,,,,,,
,,,,,,,,,,,,,,,,,,,
17,40,21,66,17,52,20,69,,,,,,,,,,,,
,,29,172,25,74,15,77,20,155,,,,,,,,,,
,,32,173,19,85,9,100,40,172,,,,,,,,,,
,,47,155,32,115,31,99,49,181,,,,,,,,,,
,,,,,,,,,,,,,,,,,,,
,,,,,,,,,,,,,,,,,,,
,,,,,,,,,,,,,,,,,,,
,,,,,,,,,,,,,,,,,,,
24,139,31,153,33,223,59,459,,,,,,,,,,,,
1,8,12,36,15,44,22,81,,,,,,,,,,,,
0,12,5,29,14,30,11,52,,,,,,,,,,,,
0,7,11,42,21,57,25,108,,,,,,,,,,,,
,,,,,,,,,,,,,,,,,,,
11,60,9,54,21,75,10,84,,,,,,,,,,,,
,,,,,,,,,,,,,,,,,,,
,,,,,,,,,,,,,,,,,,,
,,0,2,1,34,18,212,,,,,,,,,,,,
,,,,,,,,,,,,,,,,,,,
,,,,,,,,,,,,,,,,,,,
,,,,,,,,,,,,,,,,,,,
,,5,16,4,13,5,19,1,5,,,,,,,,,,
,,0,10,0,3,0,5,,,,,,,,,,,,
,8,,5,1,2,,10,,,,,,,,,,,,
,,2,13,4,15,2,8,0,9,,,,,,,,,,
9,82,,,,,,,,,,,,,,,,,,
,,3,21,3,15,8,28,,9,,,,,,,,,,
,,,,,,,,,,,,,,,,,,,
6,28,10,45,6,44,8,58,,,,,,,,,,,,
4,24,8,38,7,54,10,112,,,,,,,,,,,,
,,,,,,,,,,,,,,,,,,,
0,0,6,43,6,88,21,135,,,,,,,,,,,,
0,3,24,203,35,274,43,358,,,,,,,,,,,,
,,,,,,,,,,,,,,,,,,,
,,,,,,,,,,,,,,,,,,,
,,,,,,,,,,,,,,,,,,,
,,,,,,,,,,,,,,,,,,,
,,,,,,,,,,,,,,,,,,,
,,,,,,,,,,,,,,,,,,,
,,,,,,,,,,,,,,,,,,,
,,,,,,,,,,,,,,,,,,,
,,,,,,,,,,,,,,,,,,,
,,,,,,,,,,,,,,,,,,,
,,,,,,,,,,,,,,,,,,,
,,,,,,,,,,,,,,,,,,,
,,,,,,,,,,,,,,,,,,,
,,,,,,,,,,,,,,,,,,,
,,,,,,,,,,,,,,,,,,,
,,,,,,,,,,,,,,,,,,,
,,,,,,,,,,,,,,,,,,,
,,,,,,,,,,,,,,,,,,,
,,,,,,,,,,,,,,,,,,,
,,,,,,,,,,,,,,,,,,,
,,,,,,,,,,,,,,,,,,,
,,,,,,,,,,,,,,,,,,,
,,,,,,,,,,,,,,,,,,,
,,,,,,,,,,,,,,,,,,,
,,,,,,,,,,,,,,,,,,,
,,,,,,,,,,,,,,,,,,,
,,,,,,,,,,,,,,,,,,,
,,,,,,,,,,,,,,,,,,,
,,,,,,,,,,,,,,,,,,,
,,,,,,,,,,,,,,,,,,,
,,,,,,,,,,,,,,,,,,,
,,,,,,,,,,,,,,,,,,,
,,,,,,,,,,,,,,,,,,,
,,,,,,,,,,,,,,,,,,,
,,,,,,,,,,,,,,,,,,,
,,,,,,,,,,,,,,,,,,,
,,,,,,,,,,,,,,,,,,,
,,,,,,,,,,,,,,,,,,,
,,,,,,,,,,,,,,,,,,,
,,,,,,,,,,,,,,,,,,,
,,,,,,,,,,,,,,,,,,,
,,,,,,,,,,,,,,,,,,,
,,,,,,,,,,,,,,,,,,,
15,115,19,101,26,73,30,172,,,,,,,,,,,,
11,132,12,68,11,96,13,137,,,,,,,,,,,,
19,108,13,93,15,163,26,268,,,,,,,,,,,,
,,,,,,,,,,,,,,,,,,,
,,,,,,,,,,,,,,,,,,,
0,1,2,19,8,65,5,24,6,15,,,,,,,,,,
,,,,,,,,,,,,,,,,,,,
,,,,,,,,,,,,,,,,,,,
,,,,,,,,,,,,,,,,,,,
,,,,,,,,,,,,,,,,,,,
,,,,,,,,,,,,,,,,,,,
,,,,,,,,,,,,,,,,,,,
,,,,,,,,,,,,,,,,,,,
,,,,,,,,,,,,,,,,,,,
,,10,41,22,67,16,83,,1,,,,,,,,,,
,3,,5,2,10,1,10,,1,,,,,,,,,,
,,4,2,13,15,7,23,,,,,,,,,,,,
10,126,6,107,9,86,13,103,9,87,,,,,,,,,,
17,79,12,75,8,62,11,72,9,78,,,,,,,,,,
1,29,2,19,2,20,5,25,3,34,,,,,,,,,,
2,16,5,9,3,18,5,25,3,10,,,,,,,,,,
4,33,5,29,5,21,12,11,0,16,,,,,,,,,,
3,7,7,10,6,8,6,16,1,0,,,,,,,,,,
3,13,5,14,0,3,3,17,3,10,,,,,,,,,,
3,22,2,18,1,25,3,23,0,34,,,,,,,,,,
,,,,,,,,,,,,,,,,,,,
,,,,,,,,,,,,,,,,,,,
,,,,,,,,,,,,,,,,,,,
0,0,0,4,7,14,4,21,0,2,,,,,,,,,,
0,0,1,14,7,37,7,29,0,2,,,,,,,,,,
,,,,,,,,,,,,,,,,,,,
4,33,1,26,3,20,2,27,5,11,,,,,,,,,,
13,29,17,26,11,39,22,35,,,,,,,,,,,,
12,65,8,16,5,13,5,19,,,,,,,,,,,,
10,65,3,44,20,109,8,81,,,,,,,,,,,,
2,17,3,30,10,102,28,123,,,,,,,,,,,,
,,,,,,,,,,,,,,,,,,,
,,,,,,,,,,,,,,,,,,,
,,,,,,,,,,,,,,,,,,,
,,,,,,,,,,,,,,,,,,,
,,,,,,,,,,,,,,,,,,,
,,,,,,,,,,,,,,,,,,,
,,,,,,,,,,,,,,,,,,,
10,46,26,107,55,274,93,367,,,,,,,,,,,,
7,35,6,33,5,29,9,45,,,,,,,,,,,,
3,36,3,34,6,45,20,94,,,,,,,,,,,,
,,,,,,,,,,,,,,,,,,,
,,,,,,,,,,,,,,,,,,,
,,,,,,,,,,,,,,,,,,,
0,0,18,57,16,31,8,26,0,0,,,,,,,,,,
,,,,,,,,,,,,,,,,,,,
,,,,,,,,,,,,,,,,,,,
,,,,,,,,,,,,,,,,,,,
,,,,,,,,,,,,,,,,,,,
,,,,,,,,,,,,,,,,,,,
,,,,,,,,,,,,,,,,,,,
,,,,,,,,,,,,,,,,,,,
,,,,,,,,,,,,,,,,,,,
,,,,,,,,,,,,,,,,,,,
,,,,,,,,,,,,,,,,,,,
,,,,,,,,,,,,,,,,,,,
,,,,,,,,,,,,,,,,,,,
,,,,,,,,,,,,,,,,,,,
,,,,,,,,,,,,,,,,,,,
,,,,,,,,,,,,,,,,,,,
,,,,,,,,,,,,,,,,,,,
,,,,,,,,,,,,,,,,,,,
,,,,,,,,,,,,,,,,,,,
,,,,,,,,,,,,,,,,,,,
,,,,,,,,,,,,,,,,,,,
,,,,,,,,,,,,,,,,,,,
,,,,,,,,,,,,,,,,,,,
5,13,7,28,1,9,0,7,,,,,,,,,,,,
,,,,,,,,,,,,,,,,,,,
,,,,,,,,,,,,,,,,,,,
3,64,4,31,1,27,3,40,,,,,,,,,,,,
4,59,3,44,4,25,6,45,,,,,,,,,,,,
10,143,8,83,9,36,11,104,,,,,,,,,,,,
,,,,,,,,,,,,,,,,,,,
,,,,,,,,,,,,,,,,,,,
,,,,,,,,,,,,,,,,,,,
,,,,,,,,,,,,,,,,,,,
,,,,,,,,,,,,,,,,,,,
,,,,,,,,,,,,,,,,,,,
,,,,,,,,,,,,,,,,,,,
,,,,,,,,,,,,,,,,,,,
6,16,9,32,6,34,17,48,,,,,,,,,,,,
21,31,10,25,20,29,24,24,,,,,,,,,,,,
32,107,18,79,18,67,26,75,,,,,,,,,,,,
14,93,12,67,14,61,27,94,,,,,,,,,,,,
9,73,3,59,1,28,3,37,,,,,,,,,,,,
21,146,15,82,6,64,11,113,,,,,,,,,,,,
15,113,11,78,8,72,10,91,,,,,,,,,,,,
4,19,5,15,6,10,9,16,,,,,,,,,,,,
36,284,32,154,24,142,22,189,,,,,,,,,,,,
4,65,6,54,2,26,3,45,,,,,,,,,,,,
8,76,3,49,1,36,5,42,,,,,,,,,,,,
8,61,7,50,5,69,17,99,,,,,,,,,,,,
1,16,0,16,1,4,0,12,,,,,,,,,,,,
,,,,,,,,,,,,,,,,,,,
,,,,,,,,,,,,,,,,,,,
,,,,,,,,,,,,,,,,,,,
1,27,3,12,3,14,1,10,1,11,,,,,,,,,,
8,57,3,61,6,40,4,29,2,37,,,,,,,,,,
3,47,2,36,5,35,3,27,6,46,,,,,,,,,,
,,,,,,,,,,,,,,,,,,,
3,32,4,22,1,21,1,18,,,,,,,,,,,,
9,42,3,39,1,34,1,19,,,,,,,,,,,,
1,10,,7,1,4,,2,,,,,,,,,,,,
10,25,1,21,4,23,1,21,,,,,,,,,,,,
1,10,3,8,,9,1,16,,,,,,,,,,,,
11,91,7,65,9,38,4,18,,,,,,,,,,,,
,,,,,,,,,,,,,,,,,,,
,,,,,,,,,,,,,,,,,,,
,,,,,,,,,,,,,,,,,,,
,,,,,,,,,,,,,,,,,,,
,,,,,,,,,,,,,,,,,,,
,,,,,,,,,,,,,,,,,,,
,,,,,,,,,,,,,,,,,,,
,,,,,,,,,,,,,,,,,,,
,,,,,,,,,,,,,,,,,,,
6,39,5,19,2,29,0,25,,,,,,,,,,,,
1,7,3,16,5,22,6,23,,,,,,,,,,,,
6,52,3,23,6,38,6,37,,,,,,,,,,,,
13,97,14,118,11,120,12,87,4,104,,,,,,,,,,
10,148,12,144,7,119,7,69,10,118,,,,,,,,,,
,,,,,,,,,,,,,,,,,,,
,,,,,,,,,,,,,,,,,,,
,,,,,,,,,,,,,,,,,,,
,,,,,,,,,,,,,,,,,,,
,,,,,,,,,,,,,,,,,,,
,,,,,,,,,,,,,,,,,,,
,,,,,,,,,,,,,,,,,,,
,,,,,,,,,,,,,,,,,,,
,,,,,,,,,,,,,,,,,,,
,,,,,,,,,,,,,,,,,,,
,,,,,,,,,,,,,,,,,,,
,,,,,,,,,,,,,,,,,,,
21,56,16,49,22,69,29,106,,,,,,,,,,,,
8,84,7,73,5,57,14,117,,,,,,,,,,,,
,,,,,,,,,,,,,,,,,,,
,,,,,,,,,,,,,,,,,,,
,,,,,,,,,,,,,,,,,,,
,,,,,,,,,,,,,,,,,,,
,,,,,,,,,,,,,,,,,,,
,,,,,,,,,,,,,,,,,,,
,,,,,,,,,,,,,,,,,,,
,,,,,,,,,,,,,,,,,,,
,,,,,,,,,,,,,,,,,,,
,,,,,,,,,,,,,,,,,,,
,,,,,,,,,,,,,,,,,,,
,,,,,,,,,,,,,,,,,,,
,,,,,,,,,,,,,,,,,,,
,,,,,,,,,,,,,,,,,,,
,,,,,,,,,,,,,,,,,,,
,,,,,,,,,,,,,,,,,,,
,,,,,,,,,,,,,,,,,,,
,,,,,,,,,,,,,,,,,,,
,,,,,,,,,,,,,,,,,,,
,,,,,,,,,,,,,,,,,,,
,,,,,,,,,,,,,,,,,,,
,,,,,,,,,,,,,,,,,,,
,,,,,,,,,,,,,,,,,,,
,,,,,,,,,,,,,,,,,,,
,,,,,,,,,,,,,,,,,,,
,,,,,,,,,,,,,,,,,,,
,,,,,,,,,,,,,,,,,,,
,,,,,,,,,,,,,,,,,,,
,,,,,,,,,,,,,,,,,,,
,,,,,,,,,,,,,,,,,,,
,,,,,,,,,,,,,,,,,,,
,,,,,,,,,,,,,,,,,,,
,,,,,,,,,,,,,,,,,,,
,,,,,,,,,,,,,,,,,,,
,,,,,,,,,,,,,,,,,,,
,,,,,,,,,,,,,,,,,,,
,,,,,,,,,,,,,,,,,,,
,,,,,,,,,,,,,,,,,,,
17,139,22,156,18,148,34,244,,,,,,,,,,,,
24,173,31,203,30,186,37,310,,,,,,,,,,,,
,,,,,,,,,,,,,,,,,,,
,,,,,,,,,,,,,,,,,,,
6,29,10,89,32,242,75,503,,,,,,,,,,,,
,,,,,,,,,,,,,,,,,,,
25,166,35,205,36,214,74,433,,,,,,,,,,,,
,,,,,,,,,,,,,,,,,,,
,,,,,,,,,,,,,,,,,,,
,,,,,,,,,,,,,,,,,,,
,,,,,,,,,,,,,,,,,,,
,,,,,,,,,,,,,,,,,,,
,,,,,,,,,,,,,,,,,,,
,,,12,20,64,24,104,,,,,,,,,,,,
25,255,30,199,37,272,39,278,,,,,,,,,,,,
,,,,,,,,,,,,,,,,,,,
33,149,37,142,66,296,79,402,,,,,,,,,,,,
,,,,,,,,,,,,,,,,,,,
10,76,10,46,4,58,10,70,0,3,,,,,,,,,,
17,140,13,99,11,105,20,149,0,4,,,,,,,,,,
,,,,,,,,,,,,,,,,,,,
8,133,12,104,13,148,15,202,,,,,,,,,,,,
4,37,6,40,5,101,18,170,,,,,,,,,,,,
16,56,16,93,27,73,17,72,7,37,,,,,,,,,,
9,41,8,45,10,56,10,42,4,26,,,,,,,,,,
12,87,20,100,16,116,23,125,6,30,,,,,,,,,,
,,,,,,,,,,,,,,,,,,,
,,,,,,,,,,,,,,,,,,,
22,161,15,190,17,198,31,269,,,,,,,,,,,,
2,24,2,14,4,15,3,18,,,,,,,,,,,,
1,4,2,4,2,2,1,2,,,,,,,,,,,,
,,,,,,,,,,,,,,,,,,,
,,,,,,,,,,,,,,,,,,,
,,,,,,,,,,,,,,,,,,,
,,,,,,,,,,,,,,,,,,,
,,,,,,,,,,,,,,,,,,,
,,,,,,,,,,,,,,,,,,,
,,,,,,,,,,,,,,,,,,,
1,13,2,7,2,6,3,3,,,,,,,,,,,,
6,58,4,28,4,40,6,34,,,,,,,,,,,,
,,,,,,,,,,,,,,,,,,,
,1,9,46,17,113,13,118,7,50,,,,,,,,,,
,,,2,1,11,5,21,,11,,,,,,,,,,
0,0,0,0,0,10,4,28,,,,,,,,,,,,
1,2,3,28,7,93,22,216,,,,,,,,,,,,
5,9,4,38,28,75,5,19,,,,,,,,,,,,
,,,,,,,,,,,,,,,,,,,
,,,,,,,,,,,,,,,,,,,
10,120,5,85,12,96,5,108,,,,,,,,,,,,
,,,,,,,,,,,,,,,,,,,
,,,,,,,,,,,,,,,,,,,
6,56,9,55,9,59,10,65,,,,,,,,,,,,
6,55,7,35,3,26,6,34,,4,,,,,,,,,,
18,139,14,103,18,95,14,108,1,8,,,,,,,,,,
2,36,2,47,5,42,8,61,1,3,,,,,,,,,,
13,191,8,123,8,142,17,187,2,8,,,,,,,,,,
6,31,16,49,17,68,20,69,2,12,,,,,,,,,,
3,8,2,17,5,12,4,11,,2,,,,,,,,,,
,,,,,,,,,,,,,,,,,,,
11,56,31,60,21,83,19,51,,,,,,,,,,,,
3,1,1,11,1,8,1,3,,,,,,,,,,,,
11,57,16,48,17,47,19,42,,,,,,,,,,,,
,,26,146,16,87,18,75,27,141,,,,,,,,,,
,,24,163,23,88,22,82,32,198,,,,,,,,,,
,,36,163,27,100,30,120,52,178,,,,,,,,,,
,,,,,,,,,,,,,,,,,,,
,,,,,,,,,,,,,,,,,,,
,,,,,,,,,,,,,,,,,,,
,,,,,,,,,,,,,,,,,,,
42,190,26,223,38,239,79,512,,,,,,,,,,,,
6,8,17,43,15,39,23,79,,,,,,,,,,,,
2,13,13,43,9,29,20,53,,,,,,,,,,,,
2,20,8,45,15,60,23,97,,,,,,,,,,,,
,,,,,,,,,,,,,,,,,,,
,,,,,,,,,,,,,,,,,,,
,,,,,,,,,,,,,,,,,,,
,,0,4,5,31,27,214,,,,,,,,,,,,
,,,,,,,,,,,,,,,,,,,
,,,,,,,,,,,,,,,,,,,
,,,,,,,,,,,,,,,,,,,
,,1,23,9,13,6,15,1,3,,,,,,,,,,
,,1,6,0,6,1,2,0,1,,,,,,,,,,
2,3,1,5,,5,1,5,,1,,,,,,,,,,
,,2,10,3,21,5,14,1,5,,,,,,,,,,
15,59,,,,,,,,,,,,,,,,,,
,,2,18,3,26,5,19,,,,,,,,,,,,
1,21,5,22,7,16,5,12,,,,,,,,,,,,
1,19,11,48,9,59,10,73,,,,,,,,,,,,
3,22,10,42,7,41,16,120,,,,,,,,,,,,
,,,,,,,,,,,,,,,,,,,
0,2,11,72,15,92,14,149,,,,,,,,,,,,
0,1,20,235,27,273,43,360,,,,,,,,,,,,
,,,,,,,,,,,,,,,,,,,
,,,,,,,,,,,,,,,,,,,
,,,,,,,,,,,,,,,,,,,
,,,,,,,,,,,,,,,,,,,
,,,,,,,,,,,,,,,,,,,
,,,,,,,,,,,,,,,,,,,
,,,,,,,,,,,,,,,,,,,
,,,,,,,,,,,,,,,,,,,
,,,,,,,,,,,,,,,,,,,
,,,,,,,,,,,,,,,,,,,
,,,,,,,,,,,,,,,,,,,
,,,,,,,,,,,,,,,,,,,
,,,,,,,,,,,,,,,,,,,
,,,,,,,,,,,,,,,,,,,
,,,,,,,,,,,,,,,,,,,
,,,,,,,,,,,,,,,,,,,
,,,,,,,,,,,,,,,,,,,
,,,,,,,,,,,,,,,,,,,
,,,,,,,,,,,,,,,,,,,
,,,,,,,,,,,,,,,,,,,
,,,,,,,,,,,,,,,,,,,
18,116,23,90,10,110,46,200,,,,,,,,,,,,
13,128,8,92,15,97,21,180,,,,,,,,,,,,
26,123,14,108,26,163,29,318,,,,,,,,,,,,
0,2,2,19,9,71,7,43,6,14,,,,,,,,,,
,,,,,,,,,,,,,,,,,,,
,,20,61,24,96,25,85,,1,,,,,,,,,,
5,3,1,3,,10,3,11,,,,,,,,,,,,
,,3,5,11,12,17,16,,,,,,,,,,,,
5,102,10,123,6,107,12,126,12,83,,,,,,,,,,
21,144,16,79,13,69,10,69,10,73,,,,,,,,,,
1,22,1,18,2,17,3,16,5,24,,,,,,,,,,
4,16,1,16,4,9,4,15,3,25,,,,,,,,,,
0,26,3,31,4,26,4,24,11,11,,,,,,,,,,
8,2,2,6,6,10,8,8,6,18,,,,,,,,,,
3,13,5,15,5,11,0,4,3,17,,,,,,,,,,
6,28,2,21,3,17,1,25,2,22,,,,,,,,,,
,,,,,,,,,,,,,,,,,,,
0,0,0,2,11,17,3,16,0,4,,,,,,,,,,
0,0,2,12,12,48,10,41,1,2,,,,,,,,,,
7,28,3,24,3,31,4,19,4,19,,,,,,,,,,
9,17,15,38,14,37,19,43,,,,,,,,,,,,
7,39,8,24,3,16,8,16,,,,,,,,,,,,
9,55,5,64,12,107,13,94,,,,,,,,,,,,
6,21,9,28,13,96,21,128,,,,,,,,,,,,
12,47,21,107,73,293,82,389,,,,,,,,,,,,
6,48,5,28,2,33,10,34,,,,,,,,,,,,
3,43,9,37,10,63,20,88,,,,,,,,,,,,
,,,,,,,,,,,,,,,,,,,
,,,,,,,,,,,,,,,,,,,
0,0,30,52,19,58,17,39,0,0,,,,,,,,,,
,,,,,,,,,,,,,,,,,,,
,,,,,,,,,,,,,,,,,,,
,,,,,,,,,,,,,,,,,,,
,,,,,,,,,,,,,,,,,,,
,,,,,,,,,,,,,,,,,,,
,,,,,,,,,,,,,,,,,,,
,,,,,,,,,,,,,,,,,,,
,,,,,,,,,,,,,,,,,,,
,,,,,,,,,,,,,,,,,,,
,,,,,,,,,,,,,,,,,,,
,,,,,,,,,,,,,,,,,,,
,,,,,,,,,,,,,,,,,,,
,,,,,,,,,,,,,,,,,,,
,,,,,,,,,,,,,,,,,,,
2,11,3,13,6,28,5,17,,,,,,,,,,,,
5,49,3,36,2,29,3,42,,,,,,,,,,,,
1,37,5,31,1,39,7,50,,,,,,,,,,,,
5,137,9,78,5,74,11,120,,,,,,,,,,,,
,,,,,,,,,,,,,,,,,,,
37,109,29,88,19,71,25,88,,,,,,,,,,,,
11,81,4,35,2,42,3,35,,,,,,,,,,,,
25,186,15,111,10,85,13,101,,,,,,,,,,,,
8,111,15,78,10,77,11,104,,,,,,,,,,,,
34,326,36,210,31,140,26,190,,,,,,,,,,,,
4,66,3,40,5,43,3,42,,,,,,,,,,,,
7,68,5,63,5,42,2,41,,,,,,,,,,,,
9,62,11,69,7,61,9,93,,,,,,,,,,,,
1,23,1,16,0,16,1,8,,,,,,,,,,,,
12,46,5,27,4,29,6,41,,,,,,,,,,,,
5,33,5,41,5,50,5,59,,,,,,,,,,,,
0,15,3,10,3,15,3,21,,,,,,,,,,,,
2,35,1,18,1,10,3,10,0,7,,,,,,,,,,
6,76,11,58,5,44,6,33,2,35,,,,,,,,,,
3,58,3,48,4,34,6,35,1,34,,,,,,,,,,
4,39,3,23,2,16,3,15,,,,,,,,,,,,
6,57,6,42,3,40,1,26,,,,,,,,,,,,
,16,3,8,1,6,,3,,,,,,,,,,,,
4,33,8,24,4,21,3,21,,,,,,,,,,,,
1,4,1,8,1,8,,7,,,,,,,,,,,,
13,63,6,81,6,49,7,32,,,,,,,,,,,,
9,44,5,30,5,32,1,24,,,,,,,,,,,,
1,7,1,12,2,31,5,25,,,,,,,,,,,,
8,67,4,34,6,47,7,33,,,,,,,,,,,,
17,127,15,120,14,129,4,63,10,102,,,,,,,,,,
17,182,9,169,13,141,3,73,14,111,,,,,,,,,,
,,,,,,,,,,,,,,,,,,,
,,,,,,,,,,,,,,,,,,,
10,49,21,47,20,57,26,96,,,,,,,,,,,,
13,74,5,74,8,74,15,98,,,,,,,,,,,,
,,,,,,,,,,,,,,,,,,,
,,,,,,,,,,,,,,,,,,,
,,,,,,,,,,,,,,,,,,,
,,,,,,,,,,,,,,,,,,,
,,,,,,,,,,,,,,,,,,,
,,,,,,,,,,,,,,,,,,,
,,,,,,,,,,,,,,,,,,,
,,,,,,,,,,,,,,,,,,,
,,,,,,,,,,,,,,,,,,,
,,,,,,,,,,,,,,,,,,,
,,,,,,,,,,,,,,,,,,,
,,,,,,,,,,,,,,,,,,,
20,130,23,181,20,166,35,273,,,,,,,,,,,,
27,148,42,215,27,210,54,352,,,,,,,,,,,,
,,,,,,,,,,,,,,,,,,,
,,,,,,,,,,,,,,,,,,,
8,29,20,131,29,213,76,554,,,,,,,,,,,,
,,,,,,,,,,,,,,,,,,,
27,144,32,193,44,204,80,421,,,,,,,,,,,,
1,0,5,7,17,66,41,143,,,,,,,,,,,,
31,254,28,228,44,294,41,282,,,,,,,,,,,,
,,,,,,,,,,,,,,,,,,,
72,281,49,230,60,325,115,524,,,,,,,,,,,,
,,,,,,,,,,,,,,,,,,,
17,115,9,65,9,57,4,76,1,1,,,,,,,,,,
34,195,20,111,14,129,17,171,1,2,,,,,,,,,,
9,139,15,147,18,163,28,220,,,,,,,,,,,,
4,28,8,51,9,101,20,164,,,,,,,,,,,,
16,87,17,63,14,83,29,79,8,29,,,,,,,,,,
4,57,8,52,11,61,13,77,7,22,,,,,,,,,,
15,110,34,148,24,123,19,135,10,47,,,,,,,,,,
,,,,,,,,,,,,,,,,,,,
13,170,25,217,23,265,25,291,,,,,,,,,,,,
5,26,5,17,7,16,3,16,,,,,,,,,,,,
1,4,3,4,2,5,1,6,,,,,,,,,,,,
,,,,,,,,,,,,,,,,,,,
,,,,,,,,,,,,,,,,,,,
,,,,,,,,,,,,,,,,,,,
3,14,2,9,,6,2,8,,,,,,,,,,,,
7,74,8,42,7,34,6,36,,,,,,,,,,,,
,4,,,1,,,,,,,,,,,,,,,
,,12,51,20,165,23,170,5,48,,,,,,,,,,
,,,1,,12,9,50,2,7,,,,,,,,,,
0,0,1,0,1,7,3,43,,,,,,,,,,,,
0,0,2,14,8,73,26,252,,,,,,,,,,,,
4,18,8,44,38,92,38,139,,,,,,,,,,,,
15,151,4,75,10,109,12,120,,,,,,,,,,,,
8,55,18,81,20,97,17,89,,,,,,,,,,,,
6,65,5,25,6,33,5,41,,4,,,,,,,,,,
15,161,14,116,23,127,18,111,5,16,,,,,,,,,,
2,63,2,37,5,53,6,53,,5,,,,,,,,,,
8,214,10,158,11,144,10,179,4,10,,,,,,,,,,
5,27,10,39,15,68,16,76,2,7,,,,,,,,,,
7,11,4,11,5,20,6,13,1,1,,,,,,,,,,
29,68,19,86,43,87,21,82,,,,,,,,,,,,
0,7,3,2,2,13,0,6,,,,,,,,,,,,
21,52,12,53,20,45,16,41,,,,,,,,,,,,
46,220,68,319,53,339,101,587,,,,,,,,,,,,
3,12,10,22,16,47,34,63,,,,,,,,,,,,
1,9,6,29,9,37,16,64,,,,,,,,,,,,
1,12,5,36,11,61,24,106,,,,,,,,,,,,
,,,,,,,,,,,,,,,,,,,
,,,,,,,,,,,,,,,,,,,
,,0,3,5,55,33,244,,,,,,,,,,,,
,,,,,,,,,,,,,,,,,,,
,,5,9,2,18,10,15,,4,,,,,,,,,,
,,,1,1,3,1,6,,1,,,,,,,,,,
1,9,1,3,,5,1,4,,2,,,,,,,,,,
,,2,16,3,12,4,24,1,1,,,,,,,,,,
10,86,,,,,,,,,,,,,,,,,,
,,4,26,4,20,4,27,1,7,,,,,,,,,,
,,,,,,,,,,,,,,,,,,,
4,21,8,54,10,67,9,83,,,,,,,,,,,,
2,26,8,41,8,47,15,109,,,,,,,,,,,,
,3,6,54,12,125,21,178,,,,,,,,,,,,
2,11,27,211,23,325,43,407,,,,,,,,,,,,
,,,,,,,,,,,,,,,,,,,
,,,,,,,,,,,,,,,,,,,
,,,,,,,,,,,,,,,,,,,
,,,,,,,,,,,,,,,,,,,
,,,,,,,,,,,,,,,,,,,
,,,,,,,,,,,,,,,,,,,
,,,,,,,,,,,,,,,,,,,
,,,,,,,,,,,,,,,,,,,
,,,,,,,,,,,,,,,,,,,
,,,,,,,,,,,,,,,,,,,
,,,,,,,,,,,,,,,,,,,
,,,,,,,,,,,,,,,,,,,
16,146,12,91,25,103,39,238,,,,,,,,,,,,
15,111,14,108,12,92,31,199,,,,,,,,,,,,
17,183,18,122,17,145,47,361,,,,,,,,,,,,
1,1,10,41,14,62,9,42,11,35,,,,,,,,,,
,,,,,,,,,,,,,,,,,,,
,,54,107,41,145,25,116,1,1,,,,,,,,,,
3,10,12,3,3,6,2,14,,,,,,,,,,,,
,,7,2,17,20,15,13,,1,,,,,,,,,,
11,79,5,98,10,116,6,100,8,92,,,,,,,,,,
21,103,20,134,16,83,14,69,7,57,,,,,,,,,,
2,20,1,23,1,18,2,17,2,16,,,,,,,,,,
2,12,4,15,1,18,4,8,3,15,,,,,,,,,,
4,34,0,27,3,35,5,27,4,19,,,,,,,,,,
4,6,8,2,2,6,6,10,6,6,,,,,,,,,,
0,10,3,11,5,14,5,11,0,3,,,,,,,,,,
0,18,5,30,2,25,3,17,1,21,,,,,,,,,,
,,,,,,,,,,,,,,,,,,,
20,164,18,160,23,161,25,177,18,165,,,,,,,,,,
4,21,7,40,10,64,12,85,19,100,,,,,,,,,,
0,0,4,3,4,17,8,19,1,2,,,,,,,,,,
0,0,7,40,19,88,12,53,1,3,,,,,,,,,,
,,,,,,,,,,,,,,,,,,,
6,23,3,19,5,27,3,28,1,13,,,,,,,,,,
9,33,9,30,13,42,21,48,,,,,,,,,,,,
11,26,3,12,3,13,7,17,,,,,,,,,,,,
11,79,11,78,23,141,10,110,,,,,,,,,,,,
6,31,13,43,24,133,28,134,,,,,,,,,,,,
11,38,28,102,63,282,101,422,,,,,,,,,,,,
1,44,4,39,5,27,7,39,,,,,,,,,,,,
4,50,6,45,11,46,17,98,,,,,,,,,,,,
,,,,,,,,,,,,,,,,,,,
,,,,,,,,,,,,,,,,,,,
0,1,27,72,31,49,21,73,0,0,,,,,,,,,,
,,,,,,,,,,,,,,,,,,,
,,,,,,,,,,,,,,,,,,,
,,,,,,,,,,,,,,,,,,,
,,,,,,,,,,,,,,,,,,,
,,,,,,,,,,,,,,,,,,,
,,,,,,,,,,,,,,,,,,,
,,,,,,,,,,,,,,,,,,,
,,,,,,,,,,,,,,,,,,,
,,,,,,,,,,,,,,,,,,,
,,,,,,,,,,,,,,,,,,,
,,,,,,,,,,,,,,,,,,,
,,,,,,,,,,,,,,,,,,,
,,,,,,,,,,,,,,,,,,,
,,,,,,,,,,,,,,,,,,,
5,23,2,17,4,22,7,35,,,,,,,,,,,,
,,,,,,,,,,,,,,,,,,,
43,119,43,100,32,96,23,105,,,,,,,,,,,,
7,112,6,46,5,27,4,42,,,,,,,,,,,,
26,202,19,144,13,109,20,105,,,,,,,,,,,,
6,128,9,78,15,92,13,104,,,,,,,,,,,,
51,351,43,270,35,196,43,199,,,,,,,,,,,,
6,71,3,43,5,43,5,49,,,,,,,,,,,,
3,80,3,43,6,44,5,51,,,,,,,,,,,,
8,87,6,48,11,71,11,90,,,,,,,,,,,,
1,28,2,23,0,14,1,14,,,,,,,,,,,,
11,52,6,29,3,31,6,35,,,,,,,,,,,,
12,32,3,32,8,43,6,73,,,,,,,,,,,,
0,13,3,14,2,15,4,29,,,,,,,,,,,,
2,30,2,26,0,22,2,13,1,9,,,,,,,,,,
5,81,4,76,10,56,5,36,0,41,,,,,,,,,,
1,50,4,43,3,44,6,34,3,34,,,,,,,,,,
3,36,2,34,4,15,3,13,,,,,,,,,,,,
13,73,6,56,6,37,3,39,,,,,,,,,,,,
1,16,1,11,1,10,,3,,,,,,,,,,,,
7,35,4,31,6,26,4,22,,,,,,,,,,,,
1,3,,6,1,4,2,6,,,,,,,,,,,,
13,64,10,62,5,56,3,44,,,,,,,,,,,,
12,60,4,70,5,78,2,56,9,55,,,,,,,,,,
25,135,15,126,24,173,18,136,9,52,,,,,,,,,,
3,71,7,92,14,110,20,104,9,64,,,,,,,,,,
13,149,21,156,17,127,9,154,13,106,,,,,,,,,,
7,45,6,33,9,37,4,15,,,,,,,,,,,,
2,6,1,14,4,19,3,21,,,,,,,,,,,,
15,95,8,50,12,48,9,41,,,,,,,,,,,,
11,129,15,160,19,144,6,65,15,163,,,,,,,,,,
16,197,27,283,22,262,16,128,27,301,,,,,,,,,,
,,,,,,,,,,,,,,,,,,,
,,,,,,,,,,,,,,,,,,,
15,47,20,59,32,59,26,80,,,,,,,,,,,,
15,93,8,71,16,75,13,112,,,,,,,,,,,,
,,,,,,,,,,,,,,,,,,,
,,,,,,,,,,,,,,,,,,,
,,,,,,,,,,,,,,,,,,,
,,,,,,,,,,,,,,,,,,,
,,,,,,,,,,,,,,,,,,,
,,,,,,,,,,,,,,,,,,,
,,,,,,,,,,,,,,,,,,,
,,,,,,,,,,,,,,,,,,,
6,52,5,36,1,30,8,50,0,2,,,,,,,,,,
,,,,,,,,,,,,,,,,,,,
,,,,,,,,,,,,,,,,,,,
,,,,,,,,,,,,,,,,,,,
27,135,30,194,20,197,32,301,,,,,,,,,,,,
21,162,34,207,29,195,69,391,,,,,,,,,,,,
,,,,,,,,,,,,,,,,,,,
,,,,,,,,,,,,,,,,,,,
,,,,,,,,,,,,,,,,,,,
6,27,22,145,34,250,85,567,,,,,,,,,,,,
,,,,,,,,,,,,,,,,,,,
36,174,32,179,33,213,88,461,,,,,,,,,,,,
1,1,13,47,42,140,47,191,,,,,,,,,,,,
41,295,29,212,45,277,41,334,,,,,,,,,,,,
,,,,,,,,,,,,,,,,,,,
31,120,89,338,91,497,125,658,,,,,,,,,,,,
,,,,,,,,,,,,,,,,,,,
17,128,14,82,7,67,13,104,,,,,,,,,,,,
42,228,28,145,25,170,25,207,,,,,,,,,,,,
12,146,15,141,20,211,29,267,,,,,,,,,,,,
3,39,12,45,10,121,24,167,,,,,,,,,,,,
20,66,21,94,17,70,19,84,11,38,,,,,,,,,,
5,80,8,43,3,15,,10,1,6,,,,,,,,,,
8,54,7,65,8,61,16,64,9,29,,,,,,,,,,
18,116,21,153,31,156,31,150,12,68,,,,,,,,,,
,,,,,,,,,,,,,,,,,,,
24,83,34,255,36,272,34,366,,,,,,,,,,,,
0,0,0,1,1,0,0,0,,,,,,,,,,,,
0,1,0,0,0,0,0,0,,,,,,,,,,,,
0,0,1,0,0,0,0,0,,,,,,,,,,,,
9,58,8,37,7,24,8,20,,,,,,,,,,,,
1,12,1,7,2,6,4,7,,,,,,,,,,,,
1,21,,7,1,8,,7,,,,,,,,,,,,
13,80,3,61,7,49,9,43,,,,,,,,,,,,
,5,,9,,,,1,,,,,,,,,,,,
,1,16,83,24,188,31,218,11,66,,,,,,,,,,
,,1,,5,26,12,60,3,16,,,,,,,,,,
0,1,1,5,2,23,11,47,,,,,,,,,,,,
0,0,0,16,12,89,26,255,,,,,,,,,,,,
2,12,10,35,21,99,47,176,,,,,,,,,,,,
13,160,11,84,6,101,15,136,,,,,,,,,,,,
15,87,30,92,37,135,25,116,,,,,,,,,,,,
,,,,,,,,,,,,,,,,,,,
,,,,,,,,,,,,,,,,,,,
,,,,,,,,,,,,,,,,,,,
,,,,,,,,,,,,,,,,,,,
,,,,,,,,,,,,,,,,,,,
,,,,,,,,,,,,,,,,,,,
26,69,29,93,38,107,38,91,,,,,,,,,,,,
4,18,0,11,3,6,1,8,,,,,,,,,,,,
15,64,18,48,15,60,14,42,,,,,,,,,,,,
49,218,81,373,99,408,115,701,,,,,,,,,,,,
3,7,16,29,18,32,27,76,,,,,,,,,,,,
2,5,6,39,11,40,16,75,,,,,,,,,,,,
3,24,3,39,7,52,21,117,,,,,,,,,,,,
,,,,,,,,,,,,,,,,,,,
,,,,,,,,,,,,,,,,,,,
,,1,10,6,48,40,318,,,,,,,,,,,,
,,4,26,5,15,5,17,,1,,,,,,,,,,
,,1,6,2,1,0,5,1,1,,,,,,,,,,
5,13,,8,1,4,1,6,,3,,,,,,,,,,
,,4,16,2,22,3,14,2,3,,,,,,,,,,
21,107,,,,,,,,,,,,,,,,,,
,,1,37,3,31,4,26,2,10,,,,,,,,,,
,,,,,,,,,,,,,,,,,,,
2,14,6,51,10,55,14,101,,,,,,,,,,,,
0,18,5,42,4,39,14,108,,,,,,,,,,,,
0,0,6,37,3,86,6,128,0,0,,,,,,,,,,
0,1,12,73,17,151,32,213,,,,,,,,,,,,
0,1,20,69,13,110,25,206,,,,,,,,,,,,
,,,,,,,,,,,,,,,,,,,
,,,,,,,,,,,,,,,,,,,
,,,,,,,,,,,,,,,,,,,
,,,,,,,,,,,,,,,,,,,
,,,,,,,,,,,,,,,,,,,
,,,,,,,,,,,,,,,,,,,
,,,,,,,,,,,,,,,,,,,
,,,,,,,,,,,,,,,,,,,
,,,,,,,,,,,,,,,,,,,
,,,,,,,,,,,,,,,,,,,
,,,,,,,,,,,,,,,,,,,
,,,,,,,,,,,,,,,,,,,
10,92,10,118,18,80,40,240,,,,,,,,,,,,
4,103,12,101,16,95,29,233,,,,,,,,,,,,
31,226,28,213,20,184,57,390,,,,,,,,,,,,
1,2,12,37,32,112,13,51,8,23,,,,,,,,,,
,,,,,,,,,,,,,,,,,,,
,,52,133,60,165,45,162,1,2,,,,,,,,,,
,10,3,13,15,13,6,10,1,,,,,,,,,,,
,,9,3,29,17,17,25,1,,,,,,,,,,,
16,98,11,81,6,106,10,117,6,100,,,,,,,,,,
12,148,21,105,20,139,15,78,13,69,,,,,,,,,,
3,17,2,19,1,21,1,18,2,16,,,,,,,,,,
1,11,2,11,5,18,1,15,4,9,,,,,,,,,,
4,21,4,35,0,29,4,29,6,27,,,,,,,,,,
4,8,4,6,8,2,3,6,6,10,,,,,,,,,,
4,14,0,11,3,11,4,13,5,11,,,,,,,,,,
3,12,0,18,5,30,2,22,2,16,,,,,,,,,,
,,,,,,,,,,,,,,,,,,,
30,190,27,169,27,190,22,200,30,191,,,,,,,,,,
7,33,3,26,10,52,10,81,18,99,,,,,,,,,,
0,0,2,3,11,20,2,18,2,3,,,,,,,,,,
0,0,6,24,30,115,17,81,0,3,,,,,,,,,,
,,,,,,,,,,,,,,,,,,,
8,40,6,27,3,25,3,22,3,16,,,,,,,,,,
15,37,9,33,9,37,16,47,,,,,,,,,,,,
3,24,5,11,,7,6,23,,,,,,,,,,,,
16,72,10,94,22,151,17,134,,,,,,,,,,,,
4,27,9,53,35,140,27,165,,,,,,,,,,,,
,,,,,,,,,,,,,,,,,,,
,,,,,,,,,,,,,,,,,,,
0,0,26,80,24,64,39,62,0,0,,,,,,,,,,
,,,,,,,,,,,,,,,,,,,
,,,,,,,,,,,,,,,,,,,
,,,,,,,,,,,,,,,,,,,
,,,,,,,,,,,,,,,,,,,
,,,,,,,,,,,,,,,,,,,
,2,,6,5,7,4,15,3,20,,,,,,,,,,
3,11,6,53,9,71,24,130,9,48,,,,,,,,,,
2,6,18,72,41,162,131,361,24,87,,,,,,,,,,
,,,,,,,,,,,,,,,,,,,
,,,,,,,,,,,,,,,,,,,
,,,,,,,,,,,,,,,,,,,
,,,,,,,,,,,,,,,,,,,
,,,,,,,,,,,,,,,,,,,
,,,,,,,,,,,,,,,,,,,
,,,,,,,,,,,,,,,,,,,
,,,,,,,,,,,,,,,,,,,
,,,,,,,,,,,,,,,,,,,
1,5,0,1,0,0,0,0,0,0,,,,,,,,,,
1,14,4,34,9,37,10,52,,,,,,,,,,,,
,,,,,,,,,,,,,,,,,,,
38,147,41,114,42,105,29,103,,,,,,,,,,,,
11,127,6,74,5,38,6,37,,,,,,,,,,,,
41,241,25,171,20,139,20,130,,,,,,,,,,,,
15,108,8,98,9,78,20,122,,,,,,,,,,,,
47,347,51,300,47,223,48,248,,,,,,,,,,,,
9,80,3,44,2,37,3,53,,,,,,,,,,,,
5,71,3,59,4,43,6,59,,,,,,,,,,,,
7,56,9,69,4,57,13,99,,,,,,,,,,,,
2,34,2,25,1,15,0,11,,,,,,,,,,,,
3,46,5,42,6,32,6,41,,,,,,,,,,,,
6,57,7,35,7,35,7,75,,,,,,,,,,,,
2,28,3,14,2,26,3,20,,,,,,,,,,,,
,,,,,,,,,,,,,,,,,,,
1,25,1,34,2,13,2,20,1,17,,,,,,,,,,
8,62,16,89,5,74,9,51,4,37,,,,,,,,,,
1,41,3,50,6,41,7,34,4,42,,,,,,,,,,
,,,,,,,,,,,,,,,,,,,
16,46,3,35,1,25,2,12,,,,,,,,,,,,
23,139,7,59,7,38,4,28,,,,,,,,,,,,
5,19,2,13,1,5,1,,,,,,,,,,,,,
5,34,8,37,3,20,6,17,,,,,,,,,,,,
5,9,1,6,,4,,3,,,,,,,,,,,,
30,94,17,56,7,48,4,42,,,,,,,,,,,,
,,,,,,,,,,,,,,,,,,,
,,,,,,,,,,,,,,,,,,,
,,,,,,,,,,,,,,,,,,,
,,,,,,,,,,,,,,,,,,,
,,,,,,,,,,,,,,,,,,,
11,69,8,34,3,45,7,24,,,,,,,,,,,,
1,13,2,8,3,36,8,23,,,,,,,,,,,,
7,108,11,60,19,80,13,57,,,,,,,,,,,,
,,,,,,,,,,,,,,,,,,,
22,,12,,23,,26,,,,,,,,,,,,,
,,,,,,,,,,,,,,,,,,,
,,,,,,,,,,,,,,,,,,,
,,,,,,,,,,,,,,,,,,,
14,40,28,73,27,72,40,72,,,,,,,,,,,,
26,128,15,87,10,68,18,114,,,,,,,,,,,,
,,,,,,,,,,,,,,,,,,,
,,,,,,,,,,,,,,,,,,,
,,,,,,,,,,,,,,,,,,,
,,,,,,,,,,,,,,,,,,,
,,,,,,,,,,,,,,,,,,,
,,,,,,,,,,,,,,,,,,,
,,,,,,,,,,,,,,,,,,,
,,,,,,,,,,,,,,,,,,,
,,,,,,,,,,,,,,,,,,,
,,,,,,,,,,,,,,,,,,,
,,,,,,,,,,,,,,,,,,,
,,,,,,,,,,,,,,,,,,,
,,,,,,,,,,,,,,,,,,,
,,,,,,,,,,,,,,,,,,,
,,,,,,,,,,,,,,,,,,,
,,,,,,,,,,,,,,,,,,,
,,,,,,,,,,,,,,,,,,,
,,,,,,,,,,,,,,,,,,,
,,,,,,,,,,,,,,,,,,,
,,,,,,,,,,,,,,,,,,,
4,30,31,187,28,182,23,265,,,,,,,,,,,,
3,18,32,204,22,180,55,310,,,,,,,,,,,,
,,,,,,,,,,,,,,,,,,,
,,,,,,,,,,,,,,,,,,,
,,,,,,,,,,,,,,,,,,,
4,13,23,154,44,247,72,468,,,,,,,,,,,,
,,,,,,,,,,,,,,,,,,,
1,21,36,180,38,214,66,338,,,,,,,,,,,,
0,2,12,67,93,234,88,265,,,,,,,,,,,,
32,203,41,250,47,321,43,291,,,,,,,,,,,,
,,,,,,,,,,,,,,,,,,,
30,99,63,251,120,596,171,860,,,,,,,,,,,,
,,,,,,,,,,,,,,,,,,,
,,,,,,,,,,,,,,,,,,,
47,217,31,105,26,130,27,164,0,0,,,,,,,,,,
24,154,11,187,30,226,39,282,,,,,,,,,,,,
5,33,4,48,29,103,28,200,,,,,,,,,,,,
20,99,18,86,16,85,15,73,13,49,,,,,,,,,,
15,128,15,106,8,58,5,29,4,11,,,,,,,,,,
9,75,13,69,10,75,14,75,7,28,,,,,,,,,,
10,100,37,154,29,207,36,175,13,79,,,,,,,,,,
,,,,,,,,,,,,,,,,,,,
,,,,,,,,,,,,,,,,,,,
45,88,47,186,48,298,56,407,,,,,,,,,,,,
1,3,0,1,2,1,1,1,,,,,,,,,,,,
2,3,0,4,0,0,0,0,,,,,,,,,,,,
3,5,1,5,3,1,0,0,,,,,,,,,,,,
2,3,1,2,0,2,0,0,,,,,,,,,,,,
7,54,11,62,11,51,11,23,,,,,,,,,,,,
3,12,4,16,3,13,2,12,,,,,,,,,,,,
,,,,,,,,,,,,,,,,,,,
1,39,1,5,1,8,2,7,,,,,,,,,,,,
16,99,7,65,5,53,11,50,,,,,,,,,,,,
1,5,1,12,,14,3,2,,,,,,,,,,,,
0,2,8,39,48,204,96,483,4,39,,,,,,,,,,
0,0,1,4,15,53,46,193,0,2,,,,,,,,,,
0,0,4,19,8,69,17,78,,,,,,,,,,,,
0,0,0,6,10,92,30,243,,,,,,,,,,,,
2,16,4,35,22,69,47,188,,,,,,,,,,,,
13,170,13,90,14,134,15,148,,,,,,,,,,,,
18,85,41,137,37,154,36,149,,,,,,,,,,,,
,,,,,,,,,,,,,,,,,,,
50,97,82,98,35,107,37,110,,,,,,,,,,,,
2,14,3,20,3,13,1,8,,,,,,,,,,,,
11,62,23,67,20,62,13,51,,,,,,,,,,,,
,,,,,,,,,,,,,,,,,,,
57,303,66,277,97,411,162,770,,,,,,,,,,,,
2,11,8,24,16,32,22,61,,,,,,,,,,,,
3,11,5,35,11,57,16,77,,,,,,,,,,,,
2,16,9,45,6,59,20,114,,,,,,,,,,,,
,,,,,,,,,,,,,,,,,,,
,,,,,,,,,,,,,,,,,,,
1,3,5,22,14,136,68,462,,,,,,,,,,,,
,,,,,,,,,,,,,,,,,,,
,,,,,,,,,,,,,,,,,,,
,,2,23,4,23,8,19,,4,,,,,,,,,,
,,3,7,2,5,1,2,,2,,,,,,,,,,
2,13,3,8,,7,1,3,,3,,,,,,,,,,
,,3,25,1,20,3,21,0,10,,,,,,,,,,
26,77,,,,,,,,,,,,,,,,,,
,,9,47,6,41,7,38,,4,,,,,,,,,,
,,,,,,,,,,,,,,,,,,,
7,34,8,24,6,12,4,23,,,,,,,,,,,,
3,21,7,38,14,63,14,106,,,,,,,,,,,,
2,31,9,41,9,49,15,103,,,,,,,,,,,,
,,7,67,19,111,6,139,,,,,,,,,,,,
,,19,64,26,157,31,257,,,,,,,,,,,,
,,,,,,,,,,,,,,,,,,,
1,8,4,7,2,10,4,7,2,5,,,,,,,,,,
,,,,,,,,,,,,,,,,,,,
,,,,,,,,,,,,,,,,,,,
,,,,,,,,,,,,,,,,,,,
,,,,,,,,,,,,,,,,,,,
,,,,,,,,,,,,,,,,,,,
,,,,,,,,,,,,,,,,,,,
,,,,,,,,,,,,,,,,,,,
,,,,,,,,,,,,,,,,,,,
,,,,,,,,,,,,,,,,,,,
,,,,,,,,,,,,,,,,,,,
,,,,17,45,18,35,,,,,,,,,,,,
,,,,,,,,,,,,,,,,,,,
2,6,13,48,39,124,19,75,13,23,,,,,,,,,,
,,,,,,,,,,,,,,,,,,,
28,150,19,119,8,94,5,104,10,117,,,,,,,,,,
39,201,16,187,23,123,20,144,16,81,,,,,,,,,,
5,29,5,20,2,23,1,21,1,18,,,,,,,,,,
3,14,2,17,2,15,6,16,1,16,,,,,,,,,,
11,62,5,33,3,43,0,28,4,29,,,,,,,,,,
8,11,4,10,6,7,8,2,2,6,,,,,,,,,,
1,8,7,14,0,11,3,11,3,13,,,,,,,,,,
2,21,4,20,0,22,5,31,2,20,,,,,,,,,,
,,,,,,,,,,,,,,,,,,,
,,,,,,,,,,,,,,,,,,,
,,,,,,,,,,,,,,,,,,,
39,214,34,185,32,191,28,231,36,223,,,,,,,,,,
8,29,7,41,10,49,13,70,18,93,,,,,,,,,,
0,0,2,5,19,30,8,21,2,4,,,,,,,,,,
0,0,2,22,34,133,31,113,2,4,,,,,,,,,,
,,,,,,,,,,,,,,,,,,,
,,,,,,,,,,,,,,,,,,,
,,,,,,,,,,,,,,,,,,,
,,,,,,,,,,,,,,,,,,,
17,72,5,36,5,18,5,22,2,17,,,,,,,,,,
18,45,10,29,10,27,21,50,,,,,,,,,,,,
11,41,11,84,20,147,17,118,,,,,,,,,,,,
4,29,8,49,27,156,33,170,,,,,,,,,,,,
,,,,,,,,,,,,,,,,,,,
,,,,,,,,,,,,,,,,,,,
,,,,,,,,,,,,,,,,,,,
,,,,,,,,,,,,,,,,,,,
,,,,,,,,,,,,,,,,,,,
,,,,,,,,,,,,,,,,,,,
,,,,,,,,,,,,,,,,,,,
,,,,,,,,,,,,,,,,,,,
,,,,,,,,,,,,,,,,,,,
,,,,,,,,,,,,,,,,,,,
,,,,,,,,,,,,,,,,,,,
,,,,,,,,,,,,,,,,,,,
,,,,,,,,,,,,,,,,,,,
,,,,,,,,,,,,,,,,,,,
,,,,,,,,,,,,,,,,,,,
0,7,0,6,0,1,,,,,,,,,,,,,,
7,62,2,41,9,58,8,35,,,,,,,,,,,,
,,,,,,,,,,,,,,,,,,,
,,,,,,,,,,,,,,,,,,,
,,,,,,,,,,,,,,,,,,,
,,,,,,,,,,,,,,,,,,,
,,,,,,,,,,,,,,,,,,,
,,,,,,,,,,,,,,,,,,,
,,,,,,,,,,,,,,,,,,,
,,,,,,,,,,,,,,,,,,,
,,,,,,,,,,,,,,,,,,,
5,77,4,45,3,38,4,54,,,,,,,,,,,,
18,87,5,54,1,49,9,56,,,,,,,,,,,,
9,64,11,49,8,71,14,92,,,,,,,,,,,,
2,29,2,23,0,24,0,13,,,,,,,,,,,,
12,47,6,36,3,34,5,40,,,,,,,,,,,,
9,62,8,47,5,46,11,75,,,,,,,,,,,,
4,15,2,24,3,23,2,30,,,,,,,,,,,,
3,46,0,37,1,20,1,14,0,26,,,,,,,,,,
9,111,14,96,18,86,7,61,8,52,,,,,,,,,,
1,67,3,54,6,38,5,39,6,39,,,,,,,,,,
,,,,,,,,,,,,,,,,,,,
6,36,10,30,2,23,1,27,,,,,,,,,,,,
27,109,19,101,9,57,6,39,,,,,,,,,,,,
5,20,2,11,2,8,1,3,,,,,,,,,,,,
4,25,7,35,5,38,4,22,,,,,,,,,,,,
6,15,8,7,5,7,,4,,,,,,,,,,,,
13,61,26,79,14,49,9,51,,,,,,,,,,,,
10,59,5,63,9,72,8,33,,,,,,,,,,,,
4,16,1,22,8,33,7,36,,,,,,,,,,,,
12,146,8,79,22,96,20,61,,,,,,,,,,,,
,,,,,,,,,,,,,,,,,,,
,,,,,,,,,,,,,,,,,,,
,,,,,,,,,,,,,,,,,,,
,,,,,,,,,,,,,,,,,,,
18,39,27,64,28,75,42,95,,,,,,,,,,,,
30,164,18,98,15,96,23,101,,,,,,,,,,,,
,,,,,,,,,,,,,,,,,,,
,,,,,,,,,,,,,,,,,,,
,,,,,,,,,,,,,,,,,,,
,,,,,,,,,,,,,,,,,,,
,,,,,,,,,,,,,,,,,,,
,,,,,,,,,,,,,,,,,,,
,,,,,,,,,,,,,,,,,,,
,,,,,,,,,,,,,,,,,,,
,,,,,,,,,,,,,,,,,,,
,,28,,27,,21,,,,,,,,,,,,,
,,,,,,,,,,,,,,,,,,,
,,,,,,,,,,,,,,,,,,,
,,,,,,,,,,,,,,,,,,,
,,,,,,,,,,,,,,,,,,,
,,,,,,,,,,,,,,,,,,,
,,,,,,,,,,,,,,,,,,,
,,,,,,,,,,,,,,,,,,,
,,,,,,,,,,,,,,,,,,,
,,,,,,,,,,,,,,,,,,,
,,,,,,,,,,,,,,,,,,,
,,,,,,,,,,,,,,,,,,,
,,,,,,,,,,,,,,,,,,,
,,,,,,,,,,,,,,,,,,,
,,,,,,,,,,,,,,,,,,,
,,,,,,,,,,,,,,,,,,,
,,,,,,,,,,,,,,,,,,,
4,16,21,187,44,240,44,309,,,,,,,,,,,,
1,12,28,170,32,220,53,301,,,,,,,,,,,,
,,,,,,,,,,,,,,,,,,,
,,,,,,,,,,,,,,,,,,,
,,,,,,,,,,,,,,,,,,,
13,25,63,211,50,289,78,480,,,,,,,,,,,,
,,,,,,,,,,,,,,,,,,,
,,,,,,,,,,,,,,,,,,,
4,16,53,216,37,194,60,369,,,,,,,,,,,,
,,,,,,,,,,,,,,,,,,,
,,,,,,,,,,,,,,,,,,,
,,,,,,,,,,,,,,,,,,,
2,9,15,81,101,295,118,285,,,,,,,,,,,,
32,201,41,252,47,321,43,291,,,,,,,,,,,,
,,,,,,,,,,,,,,,,,,,
,,,,,,,,,,,,,,,,,,,
,,,,,,,,,,,,,,,,,,,
25,89,19,117,23,90,14,94,13,47,,,,,,,,,,
19,145,15,118,15,108,6,61,5,23,,,,,,,,,,
17,63,15,90,12,95,18,94,10,29,,,,,,,,,,
25,112,27,181,42,178,39,220,16,80,,,,,,,,,,
,,,,,,,,,,,,,,,,,,,
,,,,,,,,,,,,,,,,,,,
,,,,,,,,,,,,,,,,,,,
,,,,,,,,,,,,,,,,,,,
,,,,,,,,,,,,,,,,,,,
,,,,,,,,,,,,,,,,,,,
,,,,,,,,,,,,,,,,,,,
,,,,,,,,,,,,,,,,,,,
,,,,,,,,,,,,,,,,,,,
29,80,61,182,64,263,72,414,,,,,,,,,,,,
0,2,1,3,1,1,1,3,,,,,,,,,,,,
2,5,1,3,1,6,0,0,,,,,,,,,,,,
5,7,2,5,0,7,2,0,,,,,,,,,,,,
2,3,3,10,5,6,1,4,,,,,,,,,,,,
12,54,13,59,14,63,13,50,,,,,,,,,,,,
6,22,5,31,8,19,6,19,,,,,,,,,,,,
8,52,2,19,2,11,,10,,,,,,,,,,,,
14,125,11,56,8,59,5,57,,,,,,,,,,,,
,14,2,10,3,20,1,16,,,,,,,,,,,,
2,1,8,40,58,248,115,532,5,38,,,,,,,,,,
0,0,1,3,18,55,76,240,0,2,,,,,,,,,,
0,2,0,21,9,63,26,140,,,,,,,,,,,,
0,0,2,12,18,81,40,292,,,,,,,,,,,,
1,8,2,18,10,35,31,97,,,,,,,,,,,,
,,,,,,,,,,,,,,,,,,,
,,,,,,,,,,,,,,,,,,,
,,,,,,,,,,,,,,,,,,,
,,,,,,,,,,,,,,,,,,,
22,155,13,109,5,107,6,61,2,21,,,,,,,,,,
,,,,,,,,,,,,,,,,,,,
58,94,48,103,57,133,37,111,,,,,,,,,,,,
,,,,,,,,,,,,,,,,,,,
,,,,,,,,,,,,,,,,,,,
,,,,,,,,,,,,,,,,,,,
2,7,,,,,,,,,,,,,,,,,,
,,,,,,,,,,,,,,,,,,,
,,,,,,,,,,,,,,,,,,,
,,,,,,,,,,,,,,,,,,,
79,234,47,243,72,357,166,715,,,,,,,,,,,,
5,12,17,29,9,30,30,73,,,,,,,,,,,,
7,20,12,55,7,53,23,97,,,,,,,,,,,,
3,25,13,61,11,56,15,110,,,,,,,,,,,,
,,,,,,,,,,,,,,,,,,,
,,,,,,,,,,,,,,,,,,,
,,,,,,,,,,,,,,,,,,,
,,,,,,,,,,,,,,,,,,,
2,7,10,57,28,196,102,591,,,,,,,,,,,,
,,,,,,,,,,,,,,,,,,,
,,,8,3,8,3,4,,,,,,,,,,,,
2,20,2,9,2,10,,,,1,,,,,,,,,,
,,6,20,4,25,3,28,3,3,,,,,,,,,,
21,88,,,,,,,,,,,,,,,,,,
,,,,,,,,,,,,,,,,,,,
,,,,,,,,,,,,,,,,,,,
,,,,,,,,,,,,,,,,,,,
,,,,,,,,,,,,,,,,,,,
6,25,8,53,7,53,23,98,,,,,,,,,,,,
4,23,7,56,11,50,14,111,,,,,,,,,,,,
,,,,,,,,,,,,,,,,,,,
,,,,,,,,,,,,,,,,,,,
,,,,,,,,,,,,,,,,,,,
,,,,,,,,,,,,,,,,,,,
,,,,,,,,,,,,,,,,,,,
,,,,,,,,,,,,,,,,,,,
,,,,,,,,,,,,,,,,,,,
3,22,15,48,14,54,14,64,14,68,,,,,,,,,,
,,,,,,,,,,,,,,,,,,,
,,,,,,,,,,,,,,,,,,,
,,,,,,,,,,,,,,,,,,,
,,,,,,,,,,,,,,,,,,,
,,,,,,,,,,,,,,,,,,,
,,,,,,,,,,,,,,,,,,,
,,,,,,,,,,,,,,,,,,,
,,,,,,,,,,,,,,,,,,,
,,,,,,,,,,,,,,,,,,,
,,,,,,,,,,,,,,,,,,,
,,,,,,,,,,,,,,,,,,,
7,74,3,63,2,41,6,56,,,,,,,,,,,,
23,118,9,60,6,61,4,57,,,,,,,,,,,,
7,83,12,56,8,58,14,102,,,,,,,,,,,,
3,29,2,20,4,24,0,20,,,,,,,,,,,,
,,,,,,,,,,,,,,,,,,,
,,,,,,,,,,,,,,,,,,,
37,100,30,125,20,106,7,58,,,,,,,,,,,,
,,,,,,,,,,,,,,,,,,,
,,,,,,,,,,,,,,,,,,,
17,19,14,23,16,19,7,8,,,,,,,,,,,,
30,106,24,61,26,71,23,82,,,,,,,,,,,,
32,56,36,79,30,83,36,88,,,,,,,,,,,,
34,115,20,141,24,101,24,128,,,,,,,,,,,,
,,,,,,,,,,,,,,,,,,,
,,,,,,,,,,,,,,,,,,,
,,,,,,,,,,,,,,,,,,,
,,,,,,,,,,,,,,,,,,,
,,,,,,,,,,,,,,,,,,,
0,2,7,24,177,177,262,690,,,,,,,,,,,,
50,193,47,262,61,304,76,350,,,,,,,,,,,,
45,32,70,148,71,230,93,416,,,,,,,,,,,,
41,71,53,107,63,127,63,142,,,,,,,,,,,,
,,,,,,,,,,,,,,,,,,,
7,19,26,37,24,45,28,63,,,,,,,,,,,,
6,30,19,67,15,61,17,84,,,,,,,,,,,,
9,24,16,64,10,86,22,99,,,,,,,,,,,,
,,1,10,1,11,4,9,1,,,,,,,,,,,
7,16,2,14,3,10,1,7,,1,,,,,,,,,,
,,2,22,6,15,5,36,0,3,,,,,,,,,,
19,93,,,,,,,,,,,,,,,,,,
9,33,11,43,11,73,22,82,,,,,,,,,,,,
8,41,8,53,7,47,15,93,,,,,,,,,,,,
